<?xml version = '1.0' encoding = 'UTF-8'?>
<Relation class="oracle.dbtools.crest.model.design.logical.Relation" name="vet_visit" directorySegmentName="seg_0" id="231E3CF8-9C59-7A1C-3DF2-F892A035B9D5">
<createdBy>xlii0227</createdBy>
<createdTime>2021-04-27 09:13:18 UTC</createdTime>
<ownerDesignName>ad_oraclemodel</ownerDesignName>
<engineerTo>
<item key="4620A113-9834-00B7-EF17-0F59E2AE699B" value="true"/>
</engineerTo>
<sourcePk>F8DD5B46-6B54-AFDD-3D50-2634BF396EA5</sourcePk>
<identifying>true</identifying>
<nameOnSource>actuall_works</nameOnSource>
<nameOnTarget>actually_works</nameOnTarget>
<optionalSource>true</optionalSource>
<optionalTarget>false</optionalTarget>
<sourceCardinality>1</sourceCardinality>
<sourceEntity>E2F7FFE2-A949-B068-F579-1858CB558B89</sourceEntity>
<targetCardinalityString>*</targetCardinalityString>
<targetEntity>820DF2EC-9713-E866-CCAD-69672C74186B</targetEntity>
<transferable>true</transferable>
</Relation>