<?xml version = '1.0' encoding = 'UTF-8'?>
<Relation class="oracle.dbtools.crest.model.design.logical.Relation" name="clinic_vet" directorySegmentName="seg_0" id="26D4730B-20DC-F49D-4FFA-FA41699652EC">
<createdBy>xlii0227</createdBy>
<createdTime>2021-04-27 08:20:10 UTC</createdTime>
<ownerDesignName>ad_oraclemodel</ownerDesignName>
<engineerTo>
<item key="4620A113-9834-00B7-EF17-0F59E2AE699B" value="true"/>
</engineerTo>
<sourcePk>5A3037FE-F170-C763-68D3-0AF13033F7D5</sourcePk>
<identifying>false</identifying>
<nameOnSource>home_clinic</nameOnSource>
<nameOnTarget>home_clinic</nameOnTarget>
<optionalSource>false</optionalSource>
<optionalTarget>false</optionalTarget>
<sourceCardinality>1</sourceCardinality>
<sourceEntity>6C16B036-4AD7-E96F-1D6B-DA74CD2C8EB9</sourceEntity>
<targetCardinalityString>*</targetCardinalityString>
<targetEntity>E2F7FFE2-A949-B068-F579-1858CB558B89</targetEntity>
<transferable>true</transferable>
</Relation>
