<?xml version = '1.0' encoding = 'UTF-8'?>
<Relation class="oracle.dbtools.crest.model.design.logical.Relation" name="pet_owner" directorySegmentName="seg_0" id="2EFDB710-818F-A59B-F4E3-E5D700AD6A24">
<createdBy>xlii0227</createdBy>
<createdTime>2021-04-27 13:01:30 UTC</createdTime>
<ownerDesignName>ad_oraclemodel</ownerDesignName>
<engineerTo>
<item key="4620A113-9834-00B7-EF17-0F59E2AE699B" value="true"/>
</engineerTo>
<sourcePk>C4BF3233-1242-9D50-0997-1F0AE8B1A0A4</sourcePk>
<targetPk>C8E85202-8AF8-2EA5-3BDD-FFEEA214060B</targetPk>
<identifying>false</identifying>
<nameOnSource>has</nameOnSource>
<nameOnTarget>has</nameOnTarget>
<optionalSource>false</optionalSource>
<optionalTarget>false</optionalTarget>
<sourceCardinality>*</sourceCardinality>
<sourceEntity>1277F9DC-4611-46FF-9BB7-1D056E994885</sourceEntity>
<targetCardinalityString>1</targetCardinalityString>
<targetEntity>F7913CC4-19C9-8B38-D0E4-B30A10FDD8C3</targetEntity>
<transferable>true</transferable>
<deleteRule>NO ACTION</deleteRule>
</Relation>
