<?xml version = '1.0' encoding = 'UTF-8'?>
<Relation class="oracle.dbtools.crest.model.design.logical.Relation" name="visit_drugv1" directorySegmentName="seg_0" id="3242B6EB-752A-54A6-18B8-345597FBC3A4">
<createdBy>xlii0227</createdBy>
<createdTime>2021-04-27 13:17:36 UTC</createdTime>
<ownerDesignName>ad_oraclemodel</ownerDesignName>
<engineerTo>
<item key="4620A113-9834-00B7-EF17-0F59E2AE699B" value="true"/>
</engineerTo>
<sourcePk>9DE04575-DB14-B3AE-23D0-F188474CCFE6</sourcePk>
<identifying>true</identifying>
<nameOnSource>has</nameOnSource>
<nameOnTarget>has</nameOnTarget>
<optionalSource>true</optionalSource>
<optionalTarget>false</optionalTarget>
<sourceCardinality>1</sourceCardinality>
<sourceEntity>69E64739-0495-BA79-80AC-C2DED116BC8E</sourceEntity>
<targetCardinalityString>*</targetCardinalityString>
<targetEntity>02EACBF1-548A-4F84-A2EA-9274DD2E63E9</targetEntity>
<transferable>true</transferable>
</Relation>
