<?xml version = '1.0' encoding = 'UTF-8'?>
<Relation class="oracle.dbtools.crest.model.design.logical.Relation" name="visit_clinic" directorySegmentName="seg_0" id="40513EDF-66FD-1E3C-653E-73469E0C753F">
<createdBy>xlii0227</createdBy>
<createdTime>2021-04-27 09:05:10 UTC</createdTime>
<ownerDesignName>ad_oraclemodel</ownerDesignName>
<engineerTo>
<item key="4620A113-9834-00B7-EF17-0F59E2AE699B" value="true"/>
</engineerTo>
<sourcePk>5A3037FE-F170-C763-68D3-0AF13033F7D5</sourcePk>
<identifying>true</identifying>
<nameOnSource>take_place_in</nameOnSource>
<nameOnTarget>take_place_in</nameOnTarget>
<optionalSource>true</optionalSource>
<optionalTarget>false</optionalTarget>
<sourceCardinality>1</sourceCardinality>
<sourceEntity>6C16B036-4AD7-E96F-1D6B-DA74CD2C8EB9</sourceEntity>
<targetCardinalityString>*</targetCardinalityString>
<targetEntity>820DF2EC-9713-E866-CCAD-69672C74186B</targetEntity>
<transferable>true</transferable>
</Relation>