<?xml version = '1.0' encoding = 'UTF-8'?>
<Relation class="oracle.dbtools.crest.model.design.logical.Relation" name="visit_drug" directorySegmentName="seg_0" id="43ED0104-4AFA-37DC-CFB1-B07401A4524C">
<createdBy>xlii0227</createdBy>
<createdTime>2021-04-27 11:51:44 UTC</createdTime>
<ownerDesignName>ad_oraclemodel</ownerDesignName>
<engineerTo>
<item key="4620A113-9834-00B7-EF17-0F59E2AE699B" value="true"/>
</engineerTo>
<sourcePk>B5F5B496-1F9D-159F-E5C0-F4BFC9F42A09</sourcePk>
<identifying>true</identifying>
<nameOnSource>has</nameOnSource>
<nameOnTarget>has</nameOnTarget>
<optionalSource>true</optionalSource>
<optionalTarget>false</optionalTarget>
<sourceCardinality>1</sourceCardinality>
<sourceEntity>D5881A2B-38F4-D1B6-9DD6-96D5E2FAEAB8</sourceEntity>
<targetCardinalityString>*</targetCardinalityString>
<targetEntity>02EACBF1-548A-4F84-A2EA-9274DD2E63E9</targetEntity>
<transferable>true</transferable>
<deleteRule>NO ACTION</deleteRule>
</Relation>
