<?xml version = '1.0' encoding = 'UTF-8'?>
<Relation class="oracle.dbtools.crest.model.design.logical.Relation" name="visit_service" directorySegmentName="seg_0" id="94F90293-2F3E-8428-C79B-19A36C4A58C1">
<createdBy>xlii0227</createdBy>
<createdTime>2021-04-27 13:30:10 UTC</createdTime>
<ownerDesignName>ad_oraclemodel</ownerDesignName>
<engineerTo>
<item key="4620A113-9834-00B7-EF17-0F59E2AE699B" value="true"/>
</engineerTo>
<sourcePk>9DE04575-DB14-B3AE-23D0-F188474CCFE6</sourcePk>
<identifying>true</identifying>
<nameOnSource>does</nameOnSource>
<nameOnTarget>does</nameOnTarget>
<optionalSource>false</optionalSource>
<optionalTarget>false</optionalTarget>
<sourceCardinality>1</sourceCardinality>
<sourceEntity>69E64739-0495-BA79-80AC-C2DED116BC8E</sourceEntity>
<targetCardinalityString>*</targetCardinalityString>
<targetEntity>07B0C578-8C3A-088C-3ED8-365D8FEBC2A8</targetEntity>
<transferable>true</transferable>
</Relation>
