<?xml version = '1.0' encoding = 'UTF-8'?>
<Relation class="oracle.dbtools.crest.model.design.logical.Relation" name="vet_specilist" directorySegmentName="seg_0" id="98D3F834-CDFF-FB0F-1436-0F8851FFBFA9">
<createdBy>xlii0227</createdBy>
<createdTime>2021-04-27 12:30:31 UTC</createdTime>
<ownerDesignName>ad_oraclemodel</ownerDesignName>
<engineerTo>
<item key="4620A113-9834-00B7-EF17-0F59E2AE699B" value="true"/>
</engineerTo>
<sourcePk>CE378DA2-736E-3EDD-5A23-12B5A5AA378E</sourcePk>
<identifying>false</identifying>
<nameOnSource>has</nameOnSource>
<nameOnTarget>has</nameOnTarget>
<optionalSource>true</optionalSource>
<optionalTarget>true</optionalTarget>
<sourceCardinality>1</sourceCardinality>
<sourceEntity>75C3EB35-5D1C-2171-7B76-A80780875E41</sourceEntity>
<targetCardinalityString>*</targetCardinalityString>
<targetEntity>E2F7FFE2-A949-B068-F579-1858CB558B89</targetEntity>
<transferable>true</transferable>
<deleteRule>NO ACTION</deleteRule>
</Relation>
