<?xml version = '1.0' encoding = 'UTF-8'?>
<Relation class="oracle.dbtools.crest.model.design.logical.Relation" name="pet_type" directorySegmentName="seg_0" id="9A5BFFB7-5D53-0AB8-7548-126DFB94F91F">
<createdBy>xlii0227</createdBy>
<createdTime>2021-04-27 12:46:56 UTC</createdTime>
<ownerDesignName>ad_oraclemodel</ownerDesignName>
<engineerTo>
<item key="4620A113-9834-00B7-EF17-0F59E2AE699B" value="true"/>
</engineerTo>
<sourcePk>FCFF4FC1-B725-40F2-280D-F8FCC362F941</sourcePk>
<identifying>true</identifying>
<nameOnSource>is</nameOnSource>
<nameOnTarget>is</nameOnTarget>
<optionalSource>true</optionalSource>
<optionalTarget>false</optionalTarget>
<sourceCardinality>1</sourceCardinality>
<sourceEntity>A9EF5F47-CA1A-D523-78C1-29AEFD5811E3</sourceEntity>
<targetCardinalityString>*</targetCardinalityString>
<targetEntity>1277F9DC-4611-46FF-9BB7-1D056E994885</targetEntity>
<transferable>true</transferable>
</Relation>
