<?xml version = '1.0' encoding = 'UTF-8'?>
<Relation class="oracle.dbtools.crest.model.design.logical.Relation" name="service_performed" directorySegmentName="seg_0" id="9F08D9AA-BEF9-1E44-FD26-F0644D67F119">
<createdBy>xlii0227</createdBy>
<createdTime>2021-04-27 13:28:14 UTC</createdTime>
<ownerDesignName>ad_oraclemodel</ownerDesignName>
<engineerTo>
<item key="4620A113-9834-00B7-EF17-0F59E2AE699B" value="true"/>
</engineerTo>
<sourcePk>7A77557B-F8FA-DF16-5F80-A238CC184990</sourcePk>
<identifying>true</identifying>
<nameOnSource>use</nameOnSource>
<nameOnTarget>use</nameOnTarget>
<optionalSource>true</optionalSource>
<optionalTarget>false</optionalTarget>
<sourceCardinality>1</sourceCardinality>
<sourceEntity>FDE1043E-3450-1BE6-9ACC-A67845502839</sourceEntity>
<targetCardinalityString>*</targetCardinalityString>
<targetEntity>07B0C578-8C3A-088C-3ED8-365D8FEBC2A8</targetEntity>
<transferable>true</transferable>
</Relation>
