<?xml version = '1.0' encoding = 'UTF-8'?>
<Relation class="oracle.dbtools.crest.model.design.logical.Relation" name="clinic_visit" directorySegmentName="seg_0" id="BE64C158-11BA-F917-2D0C-DE8B43EC4DDE">
<createdBy>xlii0227</createdBy>
<createdTime>2021-04-27 13:43:44 UTC</createdTime>
<ownerDesignName>ad_oraclemodel</ownerDesignName>
<engineerTo>
<item key="4620A113-9834-00B7-EF17-0F59E2AE699B" value="true"/>
</engineerTo>
<sourcePk>5A3037FE-F170-C763-68D3-0AF13033F7D5</sourcePk>
<identifying>false</identifying>
<nameOnSource>has</nameOnSource>
<nameOnTarget>has</nameOnTarget>
<optionalSource>true</optionalSource>
<optionalTarget>false</optionalTarget>
<sourceCardinality>1</sourceCardinality>
<sourceEntity>6C16B036-4AD7-E96F-1D6B-DA74CD2C8EB9</sourceEntity>
<targetCardinalityString>*</targetCardinalityString>
<targetEntity>69E64739-0495-BA79-80AC-C2DED116BC8E</targetEntity>
<transferable>true</transferable>
</Relation>
