<?xml version = '1.0' encoding = 'UTF-8'?>
<Relation class="oracle.dbtools.crest.model.design.logical.Relation" name="vet_owner" directorySegmentName="seg_0" id="CD2CDA5A-5C1E-A559-6014-5C950AEAB6F4">
<createdBy>xlii0227</createdBy>
<createdTime>2021-04-27 13:22:52 UTC</createdTime>
<ownerDesignName>ad_oraclemodel</ownerDesignName>
<engineerTo>
<item key="4620A113-9834-00B7-EF17-0F59E2AE699B" value="true"/>
</engineerTo>
<sourcePk>F8DD5B46-6B54-AFDD-3D50-2634BF396EA5</sourcePk>
<identifying>false</identifying>
<nameOnSource>prefers</nameOnSource>
<nameOnTarget>prefers</nameOnTarget>
<optionalSource>true</optionalSource>
<optionalTarget>true</optionalTarget>
<sourceCardinality>1</sourceCardinality>
<sourceEntity>E2F7FFE2-A949-B068-F579-1858CB558B89</sourceEntity>
<targetCardinalityString>*</targetCardinalityString>
<targetEntity>F7913CC4-19C9-8B38-D0E4-B30A10FDD8C3</targetEntity>
<transferable>true</transferable>
</Relation>
