<?xml version = '1.0' encoding = 'UTF-8'?>
<Relation class="oracle.dbtools.crest.model.design.logical.Relation" name="visit_visit" directorySegmentName="seg_0" id="DCDE1ED2-91CA-38A7-CC0F-16186A3AE56C">
<createdBy>xlii0227</createdBy>
<createdTime>2021-04-27 15:39:52 UTC</createdTime>
<ownerDesignName>ad_oraclemodel</ownerDesignName>
<engineerTo>
<item key="4620A113-9834-00B7-EF17-0F59E2AE699B" value="true"/>
</engineerTo>
<targetPk>9DE04575-DB14-B3AE-23D0-F188474CCFE6</targetPk>
<identifying>false</identifying>
<nameOnSource>is_subsequent</nameOnSource>
<nameOnTarget>is_subsequent</nameOnTarget>
<optionalSource>true</optionalSource>
<optionalTarget>true</optionalTarget>
<sourceCardinality>1</sourceCardinality>
<sourceEntity>69E64739-0495-BA79-80AC-C2DED116BC8E</sourceEntity>
<targetCardinalityString>*</targetCardinalityString>
<targetEntity>69E64739-0495-BA79-80AC-C2DED116BC8E</targetEntity>
<transferable>true</transferable>
</Relation>
