<?xml version = '1.0' encoding = 'UTF-8'?>
<Relation class="oracle.dbtools.crest.model.design.logical.Relation" name="vet_visitv1" directorySegmentName="seg_0" id="EA95EE38-249A-4BA3-CE15-D1C26075D95D">
<createdBy>xlii0227</createdBy>
<createdTime>2021-04-27 13:45:48 UTC</createdTime>
<ownerDesignName>ad_oraclemodel</ownerDesignName>
<engineerTo>
<item key="4620A113-9834-00B7-EF17-0F59E2AE699B" value="true"/>
</engineerTo>
<sourcePk>F8DD5B46-6B54-AFDD-3D50-2634BF396EA5</sourcePk>
<identifying>false</identifying>
<nameOnSource>produce</nameOnSource>
<nameOnTarget>produce</nameOnTarget>
<optionalSource>true</optionalSource>
<optionalTarget>false</optionalTarget>
<sourceCardinality>1</sourceCardinality>
<sourceEntity>E2F7FFE2-A949-B068-F579-1858CB558B89</sourceEntity>
<targetCardinalityString>*</targetCardinalityString>
<targetEntity>69E64739-0495-BA79-80AC-C2DED116BC8E</targetEntity>
<transferable>true</transferable>
</Relation>
