<?xml version = '1.0' encoding = 'UTF-8'?>
<Relation class="oracle.dbtools.crest.model.design.logical.Relation" name="pet_visit" directorySegmentName="seg_0" id="FD1A2F54-8139-E3E9-EE3C-598C7B4D6732">
<createdBy>xlii0227</createdBy>
<createdTime>2021-04-27 13:11:49 UTC</createdTime>
<ownerDesignName>ad_oraclemodel</ownerDesignName>
<engineerTo>
<item key="4620A113-9834-00B7-EF17-0F59E2AE699B" value="true"/>
</engineerTo>
<sourcePk>C4BF3233-1242-9D50-0997-1F0AE8B1A0A4</sourcePk>
<identifying>true</identifying>
<nameOnSource>generate</nameOnSource>
<nameOnTarget>generate</nameOnTarget>
<optionalSource>false</optionalSource>
<optionalTarget>false</optionalTarget>
<sourceCardinality>1</sourceCardinality>
<sourceEntity>1277F9DC-4611-46FF-9BB7-1D056E994885</sourceEntity>
<targetCardinalityString>*</targetCardinalityString>
<targetEntity>69E64739-0495-BA79-80AC-C2DED116BC8E</targetEntity>
<transferable>true</transferable>
</Relation>
