<?xml version = '1.0' encoding = 'UTF-8'?>
<Diagram class="oracle.dbtools.crest.swingui.relational.DPVRelational" name="Relational_1" id="21929ED7-9CF6-3D83-7495-34C9FEA4BC9D">
<createdBy>xlii0227</createdBy>
<modifiedBy>xlii0227</modifiedBy>
<createdTime>2021-04-27 09:34:47 UTC</createdTime>
<autoRoute>false</autoRoute>
<boxInbox>true</boxInbox>
<showLegend>false</showLegend>
<showLabels>false</showLabels>
<showRelAttributes>false</showRelAttributes>
<gridEnabled>false</gridEnabled>
<showGrid>false</showGrid>
<diagramColor>-1</diagramColor>
<display>false</display>
<notation>1</notation>
<objectViews>
<OView class="oracle.dbtools.crest.swingui.relational.TVTable" oid="04B6B593-9671-C938-24D2-5203785468CC" otype="Table" vid="740CC222-169D-82BB-98FE-6DA24A75F6F4">
<hideElementsInCurrentOnly>false</hideElementsInCurrentOnly>
<bounds x="166" y="477" width="92" height="41"/>
</OView>
<OView class="oracle.dbtools.crest.swingui.relational.TVTable" oid="1C8E388F-6E80-56B6-94F0-1412EF046EB5" otype="Table" vid="652E3825-8AAB-86CF-E6B6-B3DBC2B98439">
<hideElementsInCurrentOnly>false</hideElementsInCurrentOnly>
<bounds x="242" y="338" width="152" height="90"/>
</OView>
<OView class="oracle.dbtools.crest.swingui.relational.TVTable" oid="39BCDE37-EB8B-F37D-BE62-5A6A6AA8FA78" otype="Table" vid="A2BCB89C-ACAC-25A1-915B-761A028E8E73">
<hideElementsInCurrentOnly>false</hideElementsInCurrentOnly>
<bounds x="761" y="417" width="140" height="159"/>
</OView>
<OView class="oracle.dbtools.crest.swingui.relational.TVTable" oid="4C3FB8B1-4EA3-F50D-00A1-480AAFDA98DD" otype="Table" vid="F2BA6188-AF4E-61FE-90CF-1EE32F771275">
<hideElementsInCurrentOnly>false</hideElementsInCurrentOnly>
<bounds x="484" y="203" width="123" height="173"/>
</OView>
<OView class="oracle.dbtools.crest.swingui.relational.TVTable" oid="5AF25E93-5F13-DEF2-4F53-6573C779E629" otype="Table" vid="97ADAB42-9561-3ECB-3612-6AC37BAC6609">
<hideElementsInCurrentOnly>false</hideElementsInCurrentOnly>
<bounds x="245" y="52" width="112" height="86"/>
</OView>
<OView class="oracle.dbtools.crest.swingui.relational.TVTable" oid="6DB47FDB-6767-F20F-417B-D492C04CE232" otype="Table" vid="A351DA93-7B27-73EE-3B33-FFE3E3B28ABA">
<hideElementsInCurrentOnly>false</hideElementsInCurrentOnly>
<bounds x="20" y="351" width="122" height="73"/>
</OView>
<OView class="oracle.dbtools.crest.swingui.relational.TVTable" oid="7108252A-9D5F-5793-7FAD-F560AA5AB1DD" otype="Table" vid="38BEC966-5348-FE70-FE75-0851D664D14E">
<hideElementsInCurrentOnly>false</hideElementsInCurrentOnly>
<bounds x="20" y="224" width="118" height="83"/>
</OView>
<OView class="oracle.dbtools.crest.swingui.relational.TVTable" oid="73FC8234-19F0-D02A-58ED-302486F722DA" otype="Table" vid="66A132B7-E8DB-E391-5B9D-D01972AC78FF">
<hideElementsInCurrentOnly>false</hideElementsInCurrentOnly>
<bounds x="496" y="17" width="135" height="73"/>
</OView>
<OView class="oracle.dbtools.crest.swingui.relational.TVTable" oid="8C00906B-0E9F-A86C-096D-44D5FABC3B3E" otype="Table" vid="D6728D3B-5E18-3833-3C57-A03590241B49">
<hideElementsInCurrentOnly>false</hideElementsInCurrentOnly>
<bounds x="491" y="426" width="100" height="135"/>
</OView>
<OView class="oracle.dbtools.crest.swingui.relational.TVTable" oid="966782F1-1FE7-B45F-2B54-2E2F7F995359" otype="Table" vid="E32EC13A-2B71-DBC9-F965-EA51B5267117">
<hideElementsInCurrentOnly>false</hideElementsInCurrentOnly>
<bounds x="817" y="7" width="118" height="160"/>
</OView>
<OView class="oracle.dbtools.crest.swingui.relational.TVTable" oid="D218EB8B-0821-57E8-C961-E0E171C0DA0F" otype="Table" vid="5C393D17-67A1-5B49-C276-B6656F17A306">
<hideElementsInCurrentOnly>false</hideElementsInCurrentOnly>
<bounds x="987" y="74" width="117" height="43"/>
</OView>
<OView class="oracle.dbtools.crest.swingui.relational.TVTable" oid="D9B9708B-5FD5-4D84-841A-A66F0F5B9E0F" otype="Table" vid="79602C8D-740B-DE47-5EF9-488CA9B455AA">
<hideElementsInCurrentOnly>false</hideElementsInCurrentOnly>
<bounds x="229" y="182" width="128" height="143"/>
</OView>
</objectViews>
<connectors>
<Connector class="oracle.dbtools.crest.swingui.relational.TVFKRelation" oid="05F3CC84-2E02-00C3-82FE-920206D584C7" otype="FKIndexAssociation" vid_source="5C393D17-67A1-5B49-C276-B6656F17A306" vid_target="E32EC13A-2B71-DBC9-F965-EA51B5267117">
<hideElementsInCurrentOnly>false</hideElementsInCurrentOnly>
<backgroundColor>-16777216</backgroundColor>
<lineWidth>1</lineWidth>
<points>
<point x="987" y="95"/>
<point x="935" y="95"/>
</points>
</Connector>
<Connector class="oracle.dbtools.crest.swingui.relational.TVFKRelation" oid="13C227FB-08CB-7748-6324-2FEBDCE62366" otype="FKIndexAssociation" vid_source="97ADAB42-9561-3ECB-3612-6AC37BAC6609" vid_target="F2BA6188-AF4E-61FE-90CF-1EE32F771275">
<hideElementsInCurrentOnly>false</hideElementsInCurrentOnly>
<backgroundColor>-16777216</backgroundColor>
<lineWidth>1</lineWidth>
<points>
<point x="355" y="138"/>
<point x="484" y="231"/>
</points>
</Connector>
<Connector class="oracle.dbtools.crest.swingui.relational.TVFKRelation" oid="20835936-6C96-5F62-AF4A-B70B909EF618" otype="FKIndexAssociation" vid_source="E32EC13A-2B71-DBC9-F965-EA51B5267117" vid_target="F2BA6188-AF4E-61FE-90CF-1EE32F771275">
<hideElementsInCurrentOnly>false</hideElementsInCurrentOnly>
<backgroundColor>-16777216</backgroundColor>
<lineWidth>1</lineWidth>
<points>
<point x="817" y="123"/>
<point x="607" y="240"/>
</points>
</Connector>
<Connector class="oracle.dbtools.crest.swingui.relational.TVFKRelation" oid="36B6F8AD-6867-46E3-D064-83EAE2518E9D" otype="FKIndexAssociation" vid_source="A351DA93-7B27-73EE-3B33-FFE3E3B28ABA" vid_target="652E3825-8AAB-86CF-E6B6-B3DBC2B98439">
<hideElementsInCurrentOnly>false</hideElementsInCurrentOnly>
<backgroundColor>-16777216</backgroundColor>
<lineWidth>1</lineWidth>
<points>
<point x="142" y="387"/>
<point x="242" y="387"/>
</points>
</Connector>
<Connector class="oracle.dbtools.crest.swingui.relational.TVFKRelation" oid="64216578-9075-C25C-9449-6B0D9649E93D" otype="FKIndexAssociation" vid_source="E32EC13A-2B71-DBC9-F965-EA51B5267117" vid_target="66A132B7-E8DB-E391-5B9D-D01972AC78FF">
<hideElementsInCurrentOnly>false</hideElementsInCurrentOnly>
<backgroundColor>-16777216</backgroundColor>
<lineWidth>1</lineWidth>
<points>
<point x="817" y="53"/>
<point x="631" y="53"/>
</points>
</Connector>
<Connector class="oracle.dbtools.crest.swingui.relational.TVFKRelation" oid="6F635D3C-4B66-36E6-80E7-2D51B7CF710B" otype="FKIndexAssociation" vid_source="F2BA6188-AF4E-61FE-90CF-1EE32F771275" vid_target="652E3825-8AAB-86CF-E6B6-B3DBC2B98439">
<hideElementsInCurrentOnly>false</hideElementsInCurrentOnly>
<backgroundColor>-16777216</backgroundColor>
<lineWidth>1</lineWidth>
<points>
<point x="484" y="356"/>
<point x="394" y="357"/>
</points>
</Connector>
<Connector class="oracle.dbtools.crest.swingui.relational.TVFKRelation" oid="72BBB246-994D-3FB8-E7B1-C415972AB48A" otype="FKIndexAssociation" vid_source="E32EC13A-2B71-DBC9-F965-EA51B5267117" vid_target="A2BCB89C-ACAC-25A1-915B-761A028E8E73">
<hideElementsInCurrentOnly>false</hideElementsInCurrentOnly>
<backgroundColor>-16777216</backgroundColor>
<lineWidth>1</lineWidth>
<points>
<point x="859" y="167"/>
<point x="859" y="417"/>
</points>
</Connector>
<Connector class="oracle.dbtools.crest.swingui.relational.TVFKRelation" oid="859B7018-6250-4C62-1C43-AB2E9A77456F" otype="FKIndexAssociation" vid_source="38BEC966-5348-FE70-FE75-0851D664D14E" vid_target="79602C8D-740B-DE47-5EF9-488CA9B455AA">
<hideElementsInCurrentOnly>false</hideElementsInCurrentOnly>
<backgroundColor>-16777216</backgroundColor>
<lineWidth>1</lineWidth>
<points>
<point x="138" y="265"/>
<point x="229" y="264"/>
</points>
</Connector>
<Connector class="oracle.dbtools.crest.swingui.relational.TVFKRelation" oid="8879FC99-94CA-5330-1ABB-38E07A5FC1D0" otype="FKIndexAssociation" vid_source="D6728D3B-5E18-3833-3C57-A03590241B49" vid_target="F2BA6188-AF4E-61FE-90CF-1EE32F771275">
<hideElementsInCurrentOnly>false</hideElementsInCurrentOnly>
<backgroundColor>-16777216</backgroundColor>
<lineWidth>1</lineWidth>
<points>
<point x="541" y="426"/>
<point x="541" y="376"/>
</points>
</Connector>
<Connector class="oracle.dbtools.crest.swingui.relational.TVFKRelation" oid="919C807A-AFD2-5F55-50EC-0EF9CCF97AC6" otype="FKIndexAssociation" vid_source="97ADAB42-9561-3ECB-3612-6AC37BAC6609" vid_target="E32EC13A-2B71-DBC9-F965-EA51B5267117">
<hideElementsInCurrentOnly>false</hideElementsInCurrentOnly>
<backgroundColor>-16777216</backgroundColor>
<lineWidth>1</lineWidth>
<points>
<point x="357" y="95"/>
<point x="817" y="95"/>
</points>
</Connector>
<Connector class="oracle.dbtools.crest.swingui.relational.TVFKRelation" oid="A3E8FDD6-0855-659C-CC4A-C7AA7AFB9694" otype="FKIndexAssociation" vid_source="97ADAB42-9561-3ECB-3612-6AC37BAC6609" vid_target="66A132B7-E8DB-E391-5B9D-D01972AC78FF">
<hideElementsInCurrentOnly>false</hideElementsInCurrentOnly>
<backgroundColor>-16777216</backgroundColor>
<lineWidth>1</lineWidth>
<points>
<point x="357" y="71"/>
<point x="496" y="71"/>
</points>
</Connector>
<Connector class="oracle.dbtools.crest.swingui.relational.TVFKRelation" oid="BE8236D5-B572-1659-CB15-016860F15338" otype="FKIndexAssociation" vid_source="740CC222-169D-82BB-98FE-6DA24A75F6F4" vid_target="D6728D3B-5E18-3833-3C57-A03590241B49">
<hideElementsInCurrentOnly>false</hideElementsInCurrentOnly>
<backgroundColor>-16777216</backgroundColor>
<lineWidth>1</lineWidth>
<points>
<point x="258" y="497"/>
<point x="491" y="497"/>
</points>
</Connector>
<Connector class="oracle.dbtools.crest.swingui.relational.TVFKRelation" oid="D2E54418-B962-304A-5760-9C544069EDFB" otype="FKIndexAssociation" vid_source="F2BA6188-AF4E-61FE-90CF-1EE32F771275" vid_target="79602C8D-740B-DE47-5EF9-488CA9B455AA">
<hideElementsInCurrentOnly>false</hideElementsInCurrentOnly>
<backgroundColor>-16777216</backgroundColor>
<lineWidth>1</lineWidth>
<points>
<point x="484" y="254"/>
<point x="357" y="264"/>
</points>
</Connector>
<Connector class="oracle.dbtools.crest.swingui.relational.TVFKRelation" oid="DB08C58D-BB6D-24DE-86EC-7288237EBE7A" otype="FKIndexAssociation" vid_source="F2BA6188-AF4E-61FE-90CF-1EE32F771275" vid_target="F2BA6188-AF4E-61FE-90CF-1EE32F771275">
<hideElementsInCurrentOnly>false</hideElementsInCurrentOnly>
<backgroundColor>-16777216</backgroundColor>
<lineWidth>1</lineWidth>
<points>
<point x="607" y="284"/>
<point x="656" y="284"/>
<point x="655" y="399"/>
<point x="594" y="399"/>
<point x="594" y="376"/>
</points>
</Connector>
<Connector class="oracle.dbtools.crest.swingui.relational.TVFKRelation" oid="DE869D3E-5E89-1774-532B-B616E0082258" otype="FKIndexAssociation" vid_source="A2BCB89C-ACAC-25A1-915B-761A028E8E73" vid_target="D6728D3B-5E18-3833-3C57-A03590241B49">
<hideElementsInCurrentOnly>false</hideElementsInCurrentOnly>
<backgroundColor>-16777216</backgroundColor>
<lineWidth>1</lineWidth>
<points>
<point x="761" y="493"/>
<point x="591" y="493"/>
</points>
</Connector>
</connectors>
</Diagram>
