<?xml version = '1.0' encoding = 'UTF-8'?>
<Diagram class="oracle.dbtools.crest.swingui.logical.DPVLogical" name="Logical" id="F24E7DA6-381A-A71A-70A9-9CD52706226F">
<createdBy>Xin Li_31336825</createdBy>
<modifiedBy>Xin Li_31336825</modifiedBy>
<createdTime>2021-04-27 07:49:39 UTC</createdTime>
<autoRoute>false</autoRoute>
<boxInbox>true</boxInbox>
<showLegend>true</showLegend>
<showLabels>true</showLabels>
<showRelAttributes>false</showRelAttributes>
<gridEnabled>false</gridEnabled>
<showGrid>false</showGrid>
<diagramColor>-1</diagramColor>
<display>false</display>
<notation>2</notation>
<showAllDetails>false</showAllDetails>
<showElements>true</showElements>
<objectViews>
<OView class="oracle.dbtools.crest.swingui.logical.TVEntity" oid="02EACBF1-548A-4F84-A2EA-9274DD2E63E9" otype="Entity" vid="65C7BDF3-17AD-2B9A-4C43-BE2016B08A36">
<hideElementsInCurrentOnly>false</hideElementsInCurrentOnly>
<bounds x="229" y="182" width="128" height="143"/>
</OView>
<OView class="oracle.dbtools.crest.swingui.logical.TVEntity" oid="07B0C578-8C3A-088C-3ED8-365D8FEBC2A8" otype="Entity" vid="9FA96B3E-E48C-6505-8C8A-4FB3E4171EED">
<hideElementsInCurrentOnly>false</hideElementsInCurrentOnly>
<bounds x="242" y="338" width="152" height="90"/>
</OView>
<OView class="oracle.dbtools.crest.swingui.logical.TVEntity" oid="1277F9DC-4611-46FF-9BB7-1D056E994885" otype="Entity" vid="2B14DDEC-576B-5D08-4361-0755B19F798A">
<hideElementsInCurrentOnly>false</hideElementsInCurrentOnly>
<bounds x="491" y="426" width="100" height="135"/>
</OView>
<OView class="oracle.dbtools.crest.swingui.logical.TVEntity" oid="69E64739-0495-BA79-80AC-C2DED116BC8E" otype="Entity" vid="C8046FC7-98F1-6610-785A-CF00231854B8">
<hideElementsInCurrentOnly>false</hideElementsInCurrentOnly>
<bounds x="484" y="203" width="123" height="173"/>
</OView>
<OView class="oracle.dbtools.crest.swingui.logical.TVEntity" oid="6C16B036-4AD7-E96F-1D6B-DA74CD2C8EB9" otype="Entity" vid="AB9C7D2F-A9B5-A27F-AC0E-04D8FF4BAEC2">
<hideElementsInCurrentOnly>false</hideElementsInCurrentOnly>
<bounds x="245" y="52" width="112" height="86"/>
</OView>
<OView class="oracle.dbtools.crest.swingui.logical.TVEntity" oid="75C3EB35-5D1C-2171-7B76-A80780875E41" otype="Entity" vid="35AA8F3E-960C-63F6-0DAF-D3871F3C8C11">
<hideElementsInCurrentOnly>false</hideElementsInCurrentOnly>
<bounds x="987" y="74" width="117" height="43"/>
</OView>
<OView class="oracle.dbtools.crest.swingui.logical.TVEntity" oid="820DF2EC-9713-E866-CCAD-69672C74186B" otype="Entity" vid="EEB2BEBA-7F50-0091-AC8C-701E7DBD0EDC">
<hideElementsInCurrentOnly>false</hideElementsInCurrentOnly>
<bounds x="496" y="17" width="135" height="73"/>
</OView>
<OView class="oracle.dbtools.crest.swingui.TVLegend" oid="95B8A006-67F4-27B7-045F-904402F1EE3E" otype="Legend" vid="F18B17BE-3EF8-62BE-F95C-E319659B22A6">
<hideElementsInCurrentOnly>false</hideElementsInCurrentOnly>
<bounds x="10" y="10" width="232" height="135"/>
</OView>
<OView class="oracle.dbtools.crest.swingui.logical.TVEntity" oid="A9EF5F47-CA1A-D523-78C1-29AEFD5811E3" otype="Entity" vid="36BE70D2-3D49-0107-4D66-9BAF8369A20A">
<hideElementsInCurrentOnly>false</hideElementsInCurrentOnly>
<bounds x="166" y="477" width="92" height="41"/>
</OView>
<OView class="oracle.dbtools.crest.swingui.logical.TVEntity" oid="D5881A2B-38F4-D1B6-9DD6-96D5E2FAEAB8" otype="Entity" vid="EC246335-AACD-3682-A34B-D24874E72699">
<hideElementsInCurrentOnly>false</hideElementsInCurrentOnly>
<bounds x="20" y="224" width="118" height="83"/>
</OView>
<OView class="oracle.dbtools.crest.swingui.logical.TVEntity" oid="E2F7FFE2-A949-B068-F579-1858CB558B89" otype="Entity" vid="23340BDC-111E-6E12-12D3-61ED4B90EEE2">
<hideElementsInCurrentOnly>false</hideElementsInCurrentOnly>
<bounds x="817" y="7" width="118" height="160"/>
</OView>
<OView class="oracle.dbtools.crest.swingui.logical.TVEntity" oid="F7913CC4-19C9-8B38-D0E4-B30A10FDD8C3" otype="Entity" vid="0DE0C6DB-F407-CE7B-C069-6F02AB9460BB">
<hideElementsInCurrentOnly>false</hideElementsInCurrentOnly>
<bounds x="761" y="417" width="140" height="159"/>
</OView>
<OView class="oracle.dbtools.crest.swingui.logical.TVEntity" oid="FDE1043E-3450-1BE6-9ACC-A67845502839" otype="Entity" vid="C5E02AB6-633C-1290-EAF5-14DBD78FD43D">
<hideElementsInCurrentOnly>false</hideElementsInCurrentOnly>
<bounds x="20" y="351" width="122" height="73"/>
</OView>
</objectViews>
<connectors>
<Connector class="oracle.dbtools.crest.swingui.logical.TVRelation" oid="231E3CF8-9C59-7A1C-3DF2-F892A035B9D5" otype="Relation" vid_source="23340BDC-111E-6E12-12D3-61ED4B90EEE2" vid_target="EEB2BEBA-7F50-0091-AC8C-701E7DBD0EDC">
<hideElementsInCurrentOnly>false</hideElementsInCurrentOnly>
<backgroundColor>-16777216</backgroundColor>
<lineWidth>1</lineWidth>
<sourceLabel class="oracle.dbtools.crest.model.design.Label">
<site>0</site>
<labelBounds x="732" y="24" width="79" height="29"/>
<noBackgroundColor>true</noBackgroundColor>
<noForegroundColor>true</noForegroundColor>
</sourceLabel>
<targetLabel class="oracle.dbtools.crest.model.design.Label">
<site>2</site>
<labelBounds x="641" y="56" width="83" height="30"/>
<noBackgroundColor>true</noBackgroundColor>
<noForegroundColor>true</noForegroundColor>
</targetLabel>
<points>
<point x="817" y="53"/>
<point x="631" y="53"/>
</points>
</Connector>
<Connector class="oracle.dbtools.crest.swingui.logical.TVRelation" oid="26D4730B-20DC-F49D-4FFA-FA41699652EC" otype="Relation" vid_source="AB9C7D2F-A9B5-A27F-AC0E-04D8FF4BAEC2" vid_target="23340BDC-111E-6E12-12D3-61ED4B90EEE2">
<hideElementsInCurrentOnly>false</hideElementsInCurrentOnly>
<backgroundColor>-16777216</backgroundColor>
<lineWidth>1</lineWidth>
<sourceLabel class="oracle.dbtools.crest.model.design.Label">
<site>0</site>
<labelBounds x="367" y="63" width="74" height="32"/>
<noBackgroundColor>true</noBackgroundColor>
<noForegroundColor>true</noForegroundColor>
</sourceLabel>
<targetLabel class="oracle.dbtools.crest.model.design.Label">
<site>2</site>
<labelBounds x="733" y="98" width="78" height="33"/>
<noBackgroundColor>true</noBackgroundColor>
<noForegroundColor>true</noForegroundColor>
</targetLabel>
<points>
<point x="357" y="95"/>
<point x="817" y="95"/>
</points>
</Connector>
<Connector class="oracle.dbtools.crest.swingui.logical.TVRelation" oid="2EFDB710-818F-A59B-F4E3-E5D700AD6A24" otype="Relation" vid_source="2B14DDEC-576B-5D08-4361-0755B19F798A" vid_target="0DE0C6DB-F407-CE7B-C069-6F02AB9460BB">
<hideElementsInCurrentOnly>false</hideElementsInCurrentOnly>
<backgroundColor>-16777216</backgroundColor>
<lineWidth>1</lineWidth>
<sourceLabel class="oracle.dbtools.crest.model.design.Label">
<site>0</site>
<labelBounds x="601" y="463" width="31" height="30"/>
<noBackgroundColor>true</noBackgroundColor>
<noForegroundColor>true</noForegroundColor>
</sourceLabel>
<targetLabel class="oracle.dbtools.crest.model.design.Label">
<site>2</site>
<labelBounds x="726" y="496" width="29" height="33"/>
<noBackgroundColor>true</noBackgroundColor>
<noForegroundColor>true</noForegroundColor>
</targetLabel>
<points>
<point x="591" y="493"/>
<point x="761" y="493"/>
</points>
</Connector>
<Connector class="oracle.dbtools.crest.swingui.logical.TVRelation" oid="3242B6EB-752A-54A6-18B8-345597FBC3A4" otype="Relation" vid_source="C8046FC7-98F1-6610-785A-CF00231854B8" vid_target="65C7BDF3-17AD-2B9A-4C43-BE2016B08A36">
<hideElementsInCurrentOnly>false</hideElementsInCurrentOnly>
<backgroundColor>-16777216</backgroundColor>
<lineWidth>1</lineWidth>
<sourceLabel class="oracle.dbtools.crest.model.design.Label">
<site>0</site>
<labelBounds x="444" y="236" width="34" height="28"/>
<noBackgroundColor>true</noBackgroundColor>
<noForegroundColor>true</noForegroundColor>
</sourceLabel>
<targetLabel class="oracle.dbtools.crest.model.design.Label">
<site>2</site>
<labelBounds x="367" y="267" width="31" height="39"/>
<noBackgroundColor>true</noBackgroundColor>
<noForegroundColor>true</noForegroundColor>
</targetLabel>
<points>
<point x="484" y="264"/>
<point x="357" y="264"/>
</points>
</Connector>
<Connector class="oracle.dbtools.crest.swingui.logical.TVRelation" oid="40513EDF-66FD-1E3C-653E-73469E0C753F" otype="Relation" vid_source="AB9C7D2F-A9B5-A27F-AC0E-04D8FF4BAEC2" vid_target="EEB2BEBA-7F50-0091-AC8C-701E7DBD0EDC">
<hideElementsInCurrentOnly>false</hideElementsInCurrentOnly>
<backgroundColor>-16777216</backgroundColor>
<lineWidth>1</lineWidth>
<sourceLabel class="oracle.dbtools.crest.model.design.Label">
<site>0</site>
<labelBounds x="367" y="41" width="82" height="30"/>
<noBackgroundColor>true</noBackgroundColor>
<noForegroundColor>true</noForegroundColor>
</sourceLabel>
<targetLabel class="oracle.dbtools.crest.model.design.Label">
<site>2</site>
<labelBounds x="408" y="74" width="82" height="30"/>
<noBackgroundColor>true</noBackgroundColor>
<noForegroundColor>true</noForegroundColor>
</targetLabel>
<points>
<point x="357" y="71"/>
<point x="496" y="71"/>
</points>
</Connector>
<Connector class="oracle.dbtools.crest.swingui.logical.TVRelation" oid="43ED0104-4AFA-37DC-CFB1-B07401A4524C" otype="Relation" vid_source="EC246335-AACD-3682-A34B-D24874E72699" vid_target="65C7BDF3-17AD-2B9A-4C43-BE2016B08A36">
<hideElementsInCurrentOnly>false</hideElementsInCurrentOnly>
<backgroundColor>-16777216</backgroundColor>
<lineWidth>1</lineWidth>
<sourceLabel class="oracle.dbtools.crest.model.design.Label">
<site>0</site>
<labelBounds x="148" y="235" width="31" height="30"/>
<noBackgroundColor>true</noBackgroundColor>
<noForegroundColor>true</noForegroundColor>
</sourceLabel>
<targetLabel class="oracle.dbtools.crest.model.design.Label">
<site>2</site>
<labelBounds x="192" y="268" width="31" height="30"/>
<noBackgroundColor>true</noBackgroundColor>
<noForegroundColor>true</noForegroundColor>
</targetLabel>
<points>
<point x="138" y="265"/>
<point x="229" y="265"/>
</points>
</Connector>
<Connector class="oracle.dbtools.crest.swingui.logical.TVRelation" oid="94F90293-2F3E-8428-C79B-19A36C4A58C1" otype="Relation" vid_source="C8046FC7-98F1-6610-785A-CF00231854B8" vid_target="9FA96B3E-E48C-6505-8C8A-4FB3E4171EED">
<hideElementsInCurrentOnly>false</hideElementsInCurrentOnly>
<backgroundColor>-16777216</backgroundColor>
<lineWidth>1</lineWidth>
<sourceLabel class="oracle.dbtools.crest.model.design.Label">
<site>0</site>
<labelBounds x="441" y="328" width="37" height="29"/>
<noBackgroundColor>true</noBackgroundColor>
<noForegroundColor>true</noForegroundColor>
</sourceLabel>
<targetLabel class="oracle.dbtools.crest.model.design.Label">
<site>2</site>
<labelBounds x="404" y="360" width="37" height="30"/>
<noBackgroundColor>true</noBackgroundColor>
<noForegroundColor>true</noForegroundColor>
</targetLabel>
<points>
<point x="484" y="357"/>
<point x="394" y="357"/>
</points>
</Connector>
<Connector class="oracle.dbtools.crest.swingui.logical.TVRelation" oid="98D3F834-CDFF-FB0F-1436-0F8851FFBFA9" otype="Relation" vid_source="35AA8F3E-960C-63F6-0DAF-D3871F3C8C11" vid_target="23340BDC-111E-6E12-12D3-61ED4B90EEE2">
<hideElementsInCurrentOnly>false</hideElementsInCurrentOnly>
<backgroundColor>-16777216</backgroundColor>
<lineWidth>1</lineWidth>
<sourceLabel class="oracle.dbtools.crest.model.design.Label">
<site>0</site>
<labelBounds x="950" y="65" width="31" height="30"/>
<noBackgroundColor>true</noBackgroundColor>
<noForegroundColor>true</noForegroundColor>
</sourceLabel>
<targetLabel class="oracle.dbtools.crest.model.design.Label">
<site>2</site>
<labelBounds x="945" y="98" width="31" height="30"/>
<noBackgroundColor>true</noBackgroundColor>
<noForegroundColor>true</noForegroundColor>
</targetLabel>
<points>
<point x="987" y="95"/>
<point x="935" y="95"/>
</points>
</Connector>
<Connector class="oracle.dbtools.crest.swingui.logical.TVRelation" oid="9A5BFFB7-5D53-0AB8-7548-126DFB94F91F" otype="Relation" vid_source="36BE70D2-3D49-0107-4D66-9BAF8369A20A" vid_target="2B14DDEC-576B-5D08-4361-0755B19F798A">
<hideElementsInCurrentOnly>false</hideElementsInCurrentOnly>
<backgroundColor>-16777216</backgroundColor>
<lineWidth>1</lineWidth>
<sourceLabel class="oracle.dbtools.crest.model.design.Label">
<site>0</site>
<labelBounds x="268" y="467" width="22" height="30"/>
<noBackgroundColor>true</noBackgroundColor>
<noForegroundColor>true</noForegroundColor>
</sourceLabel>
<targetLabel class="oracle.dbtools.crest.model.design.Label">
<site>2</site>
<labelBounds x="463" y="500" width="22" height="30"/>
<noBackgroundColor>true</noBackgroundColor>
<noForegroundColor>true</noForegroundColor>
</targetLabel>
<points>
<point x="258" y="497"/>
<point x="491" y="497"/>
</points>
</Connector>
<Connector class="oracle.dbtools.crest.swingui.logical.TVRelation" oid="9F08D9AA-BEF9-1E44-FD26-F0644D67F119" otype="Relation" vid_source="C5E02AB6-633C-1290-EAF5-14DBD78FD43D" vid_target="9FA96B3E-E48C-6505-8C8A-4FB3E4171EED">
<hideElementsInCurrentOnly>false</hideElementsInCurrentOnly>
<backgroundColor>-16777216</backgroundColor>
<lineWidth>1</lineWidth>
<sourceLabel class="oracle.dbtools.crest.model.design.Label">
<site>0</site>
<labelBounds x="152" y="357" width="31" height="30"/>
<noBackgroundColor>true</noBackgroundColor>
<noForegroundColor>true</noForegroundColor>
</sourceLabel>
<targetLabel class="oracle.dbtools.crest.model.design.Label">
<site>2</site>
<labelBounds x="205" y="390" width="31" height="30"/>
<noBackgroundColor>true</noBackgroundColor>
<noForegroundColor>true</noForegroundColor>
</targetLabel>
<points>
<point x="142" y="387"/>
<point x="242" y="387"/>
</points>
</Connector>
<Connector class="oracle.dbtools.crest.swingui.logical.TVRelation" oid="BE64C158-11BA-F917-2D0C-DE8B43EC4DDE" otype="Relation" vid_source="AB9C7D2F-A9B5-A27F-AC0E-04D8FF4BAEC2" vid_target="C8046FC7-98F1-6610-785A-CF00231854B8">
<hideElementsInCurrentOnly>false</hideElementsInCurrentOnly>
<backgroundColor>-16777216</backgroundColor>
<lineWidth>1</lineWidth>
<sourceLabel class="oracle.dbtools.crest.model.design.Label">
<site>0</site>
<labelBounds x="355" y="174" width="31" height="30"/>
<noBackgroundColor>true</noBackgroundColor>
<noForegroundColor>true</noForegroundColor>
</sourceLabel>
<targetLabel class="oracle.dbtools.crest.model.design.Label">
<site>2</site>
<labelBounds x="447" y="240" width="31" height="30"/>
<noBackgroundColor>true</noBackgroundColor>
<noForegroundColor>true</noForegroundColor>
</targetLabel>
<points>
<point x="355" y="138"/>
<point x="484" y="240"/>
</points>
</Connector>
<Connector class="oracle.dbtools.crest.swingui.logical.TVRelation" oid="CD2CDA5A-5C1E-A559-6014-5C950AEAB6F4" otype="Relation" vid_source="23340BDC-111E-6E12-12D3-61ED4B90EEE2" vid_target="0DE0C6DB-F407-CE7B-C069-6F02AB9460BB">
<hideElementsInCurrentOnly>false</hideElementsInCurrentOnly>
<backgroundColor>-16777216</backgroundColor>
<lineWidth>1</lineWidth>
<sourceLabel class="oracle.dbtools.crest.model.design.Label">
<site>0</site>
<labelBounds x="859" y="227" width="46" height="30"/>
<noBackgroundColor>true</noBackgroundColor>
<noForegroundColor>true</noForegroundColor>
</sourceLabel>
<targetLabel class="oracle.dbtools.crest.model.design.Label">
<site>2</site>
<labelBounds x="859" y="373" width="46" height="30"/>
<noBackgroundColor>true</noBackgroundColor>
<noForegroundColor>true</noForegroundColor>
</targetLabel>
<points>
<point x="859" y="167"/>
<point x="859" y="417"/>
</points>
</Connector>
<Connector class="oracle.dbtools.crest.swingui.logical.TVRelation" oid="DCDE1ED2-91CA-38A7-CC0F-16186A3AE56C" otype="Relation" vid_source="C8046FC7-98F1-6610-785A-CF00231854B8" vid_target="C8046FC7-98F1-6610-785A-CF00231854B8">
<hideElementsInCurrentOnly>false</hideElementsInCurrentOnly>
<backgroundColor>-16777216</backgroundColor>
<lineWidth>1</lineWidth>
<sourceLabel class="oracle.dbtools.crest.model.design.Label">
<site>0</site>
<labelBounds x="656" y="269" width="81" height="30"/>
<noBackgroundColor>true</noBackgroundColor>
<noForegroundColor>true</noForegroundColor>
</sourceLabel>
<targetLabel class="oracle.dbtools.crest.model.design.Label">
<site>2</site>
<labelBounds x="594" y="386" width="81" height="30"/>
<noBackgroundColor>true</noBackgroundColor>
<noForegroundColor>true</noForegroundColor>
</targetLabel>
<points>
<point x="607" y="284"/>
<point x="656" y="284"/>
<point x="655" y="399"/>
<point x="594" y="399"/>
<point x="594" y="376"/>
</points>
</Connector>
<Connector class="oracle.dbtools.crest.swingui.logical.TVRelation" oid="EA95EE38-249A-4BA3-CE15-D1C26075D95D" otype="Relation" vid_source="23340BDC-111E-6E12-12D3-61ED4B90EEE2" vid_target="C8046FC7-98F1-6610-785A-CF00231854B8">
<hideElementsInCurrentOnly>false</hideElementsInCurrentOnly>
<backgroundColor>-16777216</backgroundColor>
<lineWidth>1</lineWidth>
<sourceLabel class="oracle.dbtools.crest.model.design.Label">
<site>0</site>
<labelBounds x="757" y="123" width="54" height="30"/>
<noBackgroundColor>true</noBackgroundColor>
<noForegroundColor>true</noForegroundColor>
</sourceLabel>
<targetLabel class="oracle.dbtools.crest.model.design.Label">
<site>2</site>
<labelBounds x="617" y="251" width="54" height="30"/>
<noBackgroundColor>true</noBackgroundColor>
<noForegroundColor>true</noForegroundColor>
</targetLabel>
<points>
<point x="817" y="123"/>
<point x="607" y="251"/>
</points>
</Connector>
<Connector class="oracle.dbtools.crest.swingui.logical.TVRelation" oid="FD1A2F54-8139-E3E9-EE3C-598C7B4D6732" otype="Relation" vid_source="2B14DDEC-576B-5D08-4361-0755B19F798A" vid_target="C8046FC7-98F1-6610-785A-CF00231854B8">
<hideElementsInCurrentOnly>false</hideElementsInCurrentOnly>
<backgroundColor>-16777216</backgroundColor>
<lineWidth>1</lineWidth>
<sourceLabel class="oracle.dbtools.crest.model.design.Label">
<site>0</site>
<labelBounds x="541" y="376" width="58" height="28"/>
<noBackgroundColor>true</noBackgroundColor>
<noForegroundColor>true</noForegroundColor>
</sourceLabel>
<targetLabel class="oracle.dbtools.crest.model.design.Label">
<site>2</site>
<labelBounds x="541" y="442" width="57" height="30"/>
<noBackgroundColor>true</noBackgroundColor>
<noForegroundColor>true</noForegroundColor>
</targetLabel>
<points>
<point x="541" y="426"/>
<point x="541" y="376"/>
</points>
</Connector>
</connectors>
</Diagram>
