<?xml version = '1.0' encoding = 'UTF-8'?>
<FKIndexAssociation class="oracle.dbtools.crest.model.design.relational.FKIndexAssociation" directorySegmentName="seg_0" id="05F3CC84-2E02-00C3-82FE-920206D584C7" containerWithKeyObject="966782F1-1FE7-B45F-2B54-2E2F7F995359" localFKIndex="FFB267A0-2B1B-4FA5-DF93-2736F5E9C922" name="VET_SPECILIST_FK">
<createdBy>xlii0227</createdBy>
<createdTime>2021-04-27 17:46:36 UTC</createdTime>
<generatorID>98D3F834-CDFF-FB0F-1436-0F8851FFBFA9</generatorID>
<ownerDesignName>ad_oraclemodel</ownerDesignName>
<referredTableLongName>SPECILIST</referredTableLongName>
<deleteRule>NO ACTION</deleteRule>
<referredTableID>D218EB8B-0821-57E8-C961-E0E171C0DA0F</referredTableID>
<keyObject>F2892D8E-4D72-1691-5ABF-7FC34916CE87</keyObject>
<referredKeyID>F2892D8E-4D72-1691-5ABF-7FC34916CE87</referredKeyID>
<mandatory>false</mandatory>
<refColNames>spec_name</refColNames>
<transferable>true</transferable>
<rely>false</rely>
<columnDependencyConstraintGenerateInDDL>true</columnDependencyConstraintGenerateInDDL>
</FKIndexAssociation>
