<?xml version = '1.0' encoding = 'UTF-8'?>
<FKIndexAssociation class="oracle.dbtools.crest.model.design.relational.FKIndexAssociation" directorySegmentName="seg_0" id="13C227FB-08CB-7748-6324-2FEBDCE62366" containerWithKeyObject="4C3FB8B1-4EA3-F50D-00A1-480AAFDA98DD" localFKIndex="F5FCB29C-4B0B-2E38-4EF4-1EA6CC537631" name="VISIT_CLINIC_FK">
<createdBy>xlii0227</createdBy>
<createdTime>2021-04-27 17:46:36 UTC</createdTime>
<generatorID>BE64C158-11BA-F917-2D0C-DE8B43EC4DDE</generatorID>
<ownerDesignName>ad_oraclemodel</ownerDesignName>
<referredTableLongName>CLINIC</referredTableLongName>
<deleteRule>NO ACTION</deleteRule>
<referredTableID>5AF25E93-5F13-DEF2-4F53-6573C779E629</referredTableID>
<keyObject>FB7B8C67-A509-C3B9-13C2-1038103896C0</keyObject>
<referredKeyID>FB7B8C67-A509-C3B9-13C2-1038103896C0</referredKeyID>
<mandatory>true</mandatory>
<refColNames>clinic_id</refColNames>
<transferable>true</transferable>
<rely>false</rely>
<columnDependencyConstraintGenerateInDDL>true</columnDependencyConstraintGenerateInDDL>
</FKIndexAssociation>
