<?xml version = '1.0' encoding = 'UTF-8'?>
<FKIndexAssociation class="oracle.dbtools.crest.model.design.relational.FKIndexAssociation" directorySegmentName="seg_0" id="20835936-6C96-5F62-AF4A-B70B909EF618" containerWithKeyObject="4C3FB8B1-4EA3-F50D-00A1-480AAFDA98DD" localFKIndex="906ED503-EE1D-DE46-1EE3-C050EAFD5106" name="VISIT_VET_FK">
<createdBy>xlii0227</createdBy>
<createdTime>2021-04-27 17:46:36 UTC</createdTime>
<generatorID>EA95EE38-249A-4BA3-CE15-D1C26075D95D</generatorID>
<ownerDesignName>ad_oraclemodel</ownerDesignName>
<referredTableLongName>VET</referredTableLongName>
<deleteRule>NO ACTION</deleteRule>
<referredTableID>966782F1-1FE7-B45F-2B54-2E2F7F995359</referredTableID>
<keyObject>475516F2-7C62-E799-8F09-CE7ADB4DFE0F</keyObject>
<referredKeyID>475516F2-7C62-E799-8F09-CE7ADB4DFE0F</referredKeyID>
<mandatory>true</mandatory>
<refColNames>vet_id</refColNames>
<transferable>true</transferable>
<rely>false</rely>
<columnDependencyConstraintGenerateInDDL>true</columnDependencyConstraintGenerateInDDL>
</FKIndexAssociation>
