<?xml version = '1.0' encoding = 'UTF-8'?>
<FKIndexAssociation class="oracle.dbtools.crest.model.design.relational.FKIndexAssociation" directorySegmentName="seg_0" id="36B6F8AD-6867-46E3-D064-83EAE2518E9D" containerWithKeyObject="1C8E388F-6E80-56B6-94F0-1412EF046EB5" localFKIndex="8F73BC3B-234E-5D1A-EFDF-57C619C1EFD2" name="SERVICE_PERFORMED_SERVICE_FK">
<createdBy>xlii0227</createdBy>
<createdTime>2021-04-27 17:46:36 UTC</createdTime>
<generatorID>9F08D9AA-BEF9-1E44-FD26-F0644D67F119</generatorID>
<ownerDesignName>ad_oraclemodel</ownerDesignName>
<referredTableLongName>SERVICE</referredTableLongName>
<deleteRule>NO ACTION</deleteRule>
<referredTableID>6DB47FDB-6767-F20F-417B-D492C04CE232</referredTableID>
<keyObject>34356AC4-661B-6CC1-1DB8-AF6CB92EA89E</keyObject>
<referredKeyID>34356AC4-661B-6CC1-1DB8-AF6CB92EA89E</referredKeyID>
<mandatory>true</mandatory>
<refColNames>service_code</refColNames>
<transferable>true</transferable>
<rely>false</rely>
<columnDependencyConstraintGenerateInDDL>true</columnDependencyConstraintGenerateInDDL>
</FKIndexAssociation>
