<?xml version = '1.0' encoding = 'UTF-8'?>
<FKIndexAssociation class="oracle.dbtools.crest.model.design.relational.FKIndexAssociation" directorySegmentName="seg_0" id="64216578-9075-C25C-9449-6B0D9649E93D" containerWithKeyObject="73FC8234-19F0-D02A-58ED-302486F722DA" localFKIndex="150007E3-5CFE-25FC-9663-62A60A2CAE38" name="VISIT_CLINIC_VET_FK">
<createdBy>xlii0227</createdBy>
<createdTime>2021-04-27 17:46:36 UTC</createdTime>
<generatorID>231E3CF8-9C59-7A1C-3DF2-F892A035B9D5</generatorID>
<ownerDesignName>ad_oraclemodel</ownerDesignName>
<referredTableLongName>VET</referredTableLongName>
<deleteRule>NO ACTION</deleteRule>
<referredTableID>966782F1-1FE7-B45F-2B54-2E2F7F995359</referredTableID>
<keyObject>475516F2-7C62-E799-8F09-CE7ADB4DFE0F</keyObject>
<referredKeyID>475516F2-7C62-E799-8F09-CE7ADB4DFE0F</referredKeyID>
<mandatory>true</mandatory>
<refColNames>vet_id</refColNames>
<transferable>true</transferable>
<rely>false</rely>
<columnDependencyConstraintGenerateInDDL>true</columnDependencyConstraintGenerateInDDL>
</FKIndexAssociation>
