<?xml version = '1.0' encoding = 'UTF-8'?>
<FKIndexAssociation class="oracle.dbtools.crest.model.design.relational.FKIndexAssociation" directorySegmentName="seg_0" id="6F635D3C-4B66-36E6-80E7-2D51B7CF710B" containerWithKeyObject="1C8E388F-6E80-56B6-94F0-1412EF046EB5" localFKIndex="4354AD4D-A58A-8D09-3D9F-F218F9D581BA" name="SERVICE_PERFORMED_VISIT_FK">
<createdBy>xlii0227</createdBy>
<createdTime>2021-04-27 17:46:36 UTC</createdTime>
<generatorID>94F90293-2F3E-8428-C79B-19A36C4A58C1</generatorID>
<ownerDesignName>ad_oraclemodel</ownerDesignName>
<referredTableLongName>VISIT</referredTableLongName>
<deleteRule>NO ACTION</deleteRule>
<referredTableID>4C3FB8B1-4EA3-F50D-00A1-480AAFDA98DD</referredTableID>
<keyObject>530EEACB-280F-5107-5A72-A9D35727CD68</keyObject>
<referredKeyID>530EEACB-280F-5107-5A72-A9D35727CD68</referredKeyID>
<mandatory>true</mandatory>
<refColNames>visit_date_time,PET_pet_id</refColNames>
<transferable>true</transferable>
<rely>false</rely>
<columnDependencyConstraintGenerateInDDL>true</columnDependencyConstraintGenerateInDDL>
</FKIndexAssociation>
