<?xml version = '1.0' encoding = 'UTF-8'?>
<FKIndexAssociation class="oracle.dbtools.crest.model.design.relational.FKIndexAssociation" directorySegmentName="seg_0" id="72BBB246-994D-3FB8-E7B1-C415972AB48A" containerWithKeyObject="39BCDE37-EB8B-F37D-BE62-5A6A6AA8FA78" localFKIndex="D4CE471C-56BA-E83F-7EAB-47CB3E9ACB97" name="OWNERSHIP_VET_FK">
<createdBy>xlii0227</createdBy>
<createdTime>2021-04-27 17:46:36 UTC</createdTime>
<generatorID>CD2CDA5A-5C1E-A559-6014-5C950AEAB6F4</generatorID>
<ownerDesignName>ad_oraclemodel</ownerDesignName>
<referredTableLongName>VET</referredTableLongName>
<deleteRule>NO ACTION</deleteRule>
<referredTableID>966782F1-1FE7-B45F-2B54-2E2F7F995359</referredTableID>
<keyObject>475516F2-7C62-E799-8F09-CE7ADB4DFE0F</keyObject>
<referredKeyID>475516F2-7C62-E799-8F09-CE7ADB4DFE0F</referredKeyID>
<mandatory>false</mandatory>
<refColNames>vet_id</refColNames>
<transferable>true</transferable>
<rely>false</rely>
<columnDependencyConstraintGenerateInDDL>true</columnDependencyConstraintGenerateInDDL>
</FKIndexAssociation>
