<?xml version = '1.0' encoding = 'UTF-8'?>
<FKIndexAssociation class="oracle.dbtools.crest.model.design.relational.FKIndexAssociation" directorySegmentName="seg_0" id="859B7018-6250-4C62-1C43-AB2E9A77456F" containerWithKeyObject="D9B9708B-5FD5-4D84-841A-A66F0F5B9E0F" localFKIndex="4940C8D0-E16E-FAFD-313B-65E7EDFF6546" name="DRUG_USED_DRUG_FK">
<createdBy>xlii0227</createdBy>
<createdTime>2021-04-27 17:46:36 UTC</createdTime>
<generatorID>43ED0104-4AFA-37DC-CFB1-B07401A4524C</generatorID>
<ownerDesignName>ad_oraclemodel</ownerDesignName>
<referredTableLongName>DRUG</referredTableLongName>
<deleteRule>NO ACTION</deleteRule>
<referredTableID>7108252A-9D5F-5793-7FAD-F560AA5AB1DD</referredTableID>
<keyObject>3844CF45-FBF1-1F11-51FE-17785785F44F</keyObject>
<referredKeyID>3844CF45-FBF1-1F11-51FE-17785785F44F</referredKeyID>
<mandatory>true</mandatory>
<refColNames>drug_id</refColNames>
<transferable>true</transferable>
<rely>false</rely>
<columnDependencyConstraintGenerateInDDL>true</columnDependencyConstraintGenerateInDDL>
</FKIndexAssociation>
