<?xml version = '1.0' encoding = 'UTF-8'?>
<FKIndexAssociation class="oracle.dbtools.crest.model.design.relational.FKIndexAssociation" directorySegmentName="seg_0" id="8879FC99-94CA-5330-1ABB-38E07A5FC1D0" containerWithKeyObject="4C3FB8B1-4EA3-F50D-00A1-480AAFDA98DD" localFKIndex="E968B802-DC96-DD17-4E2A-831FCCCE138A" name="VISIT_PET_FK">
<createdBy>xlii0227</createdBy>
<createdTime>2021-04-27 17:46:36 UTC</createdTime>
<generatorID>FD1A2F54-8139-E3E9-EE3C-598C7B4D6732</generatorID>
<ownerDesignName>ad_oraclemodel</ownerDesignName>
<referredTableLongName>PET</referredTableLongName>
<deleteRule>NO ACTION</deleteRule>
<referredTableID>8C00906B-0E9F-A86C-096D-44D5FABC3B3E</referredTableID>
<keyObject>425C566B-B093-5B04-0CF5-EF0803BF6118</keyObject>
<referredKeyID>425C566B-B093-5B04-0CF5-EF0803BF6118</referredKeyID>
<mandatory>true</mandatory>
<refColNames>pet_id,PET_TYPE_tyep_name</refColNames>
<transferable>true</transferable>
<rely>false</rely>
<columnDependencyConstraintGenerateInDDL>true</columnDependencyConstraintGenerateInDDL>
</FKIndexAssociation>
