<?xml version = '1.0' encoding = 'UTF-8'?>
<FKIndexAssociation class="oracle.dbtools.crest.model.design.relational.FKIndexAssociation" directorySegmentName="seg_0" id="919C807A-AFD2-5F55-50EC-0EF9CCF97AC6" containerWithKeyObject="966782F1-1FE7-B45F-2B54-2E2F7F995359" localFKIndex="9B92BBE4-9A77-C2E5-EE34-CC5C842FAB8C" name="VET_CLINIC_FK">
<createdBy>xlii0227</createdBy>
<createdTime>2021-04-27 17:46:36 UTC</createdTime>
<generatorID>26D4730B-20DC-F49D-4FFA-FA41699652EC</generatorID>
<ownerDesignName>ad_oraclemodel</ownerDesignName>
<referredTableLongName>CLINIC</referredTableLongName>
<deleteRule>NO ACTION</deleteRule>
<referredTableID>5AF25E93-5F13-DEF2-4F53-6573C779E629</referredTableID>
<keyObject>FB7B8C67-A509-C3B9-13C2-1038103896C0</keyObject>
<referredKeyID>FB7B8C67-A509-C3B9-13C2-1038103896C0</referredKeyID>
<mandatory>true</mandatory>
<refColNames>clinic_id</refColNames>
<transferable>true</transferable>
<rely>false</rely>
<columnDependencyConstraintGenerateInDDL>true</columnDependencyConstraintGenerateInDDL>
</FKIndexAssociation>
