<?xml version = '1.0' encoding = 'UTF-8'?>
<FKIndexAssociation class="oracle.dbtools.crest.model.design.relational.FKIndexAssociation" directorySegmentName="seg_0" id="A3E8FDD6-0855-659C-CC4A-C7AA7AFB9694" containerWithKeyObject="73FC8234-19F0-D02A-58ED-302486F722DA" localFKIndex="2E76D1AD-F9F1-2BAE-EB21-D187B88E97E5" name="VISIT_CLINIC_CLINIC_FK">
<createdBy>xlii0227</createdBy>
<createdTime>2021-04-27 17:46:36 UTC</createdTime>
<generatorID>40513EDF-66FD-1E3C-653E-73469E0C753F</generatorID>
<ownerDesignName>ad_oraclemodel</ownerDesignName>
<referredTableLongName>CLINIC</referredTableLongName>
<deleteRule>NO ACTION</deleteRule>
<referredTableID>5AF25E93-5F13-DEF2-4F53-6573C779E629</referredTableID>
<keyObject>FB7B8C67-A509-C3B9-13C2-1038103896C0</keyObject>
<referredKeyID>FB7B8C67-A509-C3B9-13C2-1038103896C0</referredKeyID>
<mandatory>true</mandatory>
<refColNames>clinic_id</refColNames>
<transferable>true</transferable>
<rely>false</rely>
<columnDependencyConstraintGenerateInDDL>true</columnDependencyConstraintGenerateInDDL>
</FKIndexAssociation>
