<?xml version = '1.0' encoding = 'UTF-8'?>
<FKIndexAssociation class="oracle.dbtools.crest.model.design.relational.FKIndexAssociation" directorySegmentName="seg_0" id="BE8236D5-B572-1659-CB15-016860F15338" containerWithKeyObject="8C00906B-0E9F-A86C-096D-44D5FABC3B3E" localFKIndex="FC70C819-3C85-12AE-E299-9D4E44943489" name="PET_PET_TYPE_FK">
<createdBy>xlii0227</createdBy>
<createdTime>2021-04-27 17:46:36 UTC</createdTime>
<generatorID>9A5BFFB7-5D53-0AB8-7548-126DFB94F91F</generatorID>
<ownerDesignName>ad_oraclemodel</ownerDesignName>
<referredTableLongName>PET_TYPE</referredTableLongName>
<deleteRule>NO ACTION</deleteRule>
<referredTableID>04B6B593-9671-C938-24D2-5203785468CC</referredTableID>
<keyObject>3741E9FF-858D-1306-83D0-B3A2BE7190A7</keyObject>
<referredKeyID>3741E9FF-858D-1306-83D0-B3A2BE7190A7</referredKeyID>
<mandatory>true</mandatory>
<refColNames>tyep_name</refColNames>
<transferable>true</transferable>
<rely>false</rely>
<columnDependencyConstraintGenerateInDDL>true</columnDependencyConstraintGenerateInDDL>
</FKIndexAssociation>
