<?xml version = '1.0' encoding = 'UTF-8'?>
<FKIndexAssociation class="oracle.dbtools.crest.model.design.relational.FKIndexAssociation" directorySegmentName="seg_0" id="D2E54418-B962-304A-5760-9C544069EDFB" containerWithKeyObject="D9B9708B-5FD5-4D84-841A-A66F0F5B9E0F" localFKIndex="9BCC96C6-AB38-7081-3EC6-00DE2022AF49" name="DRUG_USED_VISIT_FK">
<createdBy>xlii0227</createdBy>
<createdTime>2021-04-27 17:46:36 UTC</createdTime>
<generatorID>3242B6EB-752A-54A6-18B8-345597FBC3A4</generatorID>
<ownerDesignName>ad_oraclemodel</ownerDesignName>
<referredTableLongName>VISIT</referredTableLongName>
<deleteRule>NO ACTION</deleteRule>
<referredTableID>4C3FB8B1-4EA3-F50D-00A1-480AAFDA98DD</referredTableID>
<keyObject>530EEACB-280F-5107-5A72-A9D35727CD68</keyObject>
<referredKeyID>530EEACB-280F-5107-5A72-A9D35727CD68</referredKeyID>
<mandatory>true</mandatory>
<refColNames>visit_date_time,PET_pet_id</refColNames>
<transferable>true</transferable>
<rely>false</rely>
<columnDependencyConstraintGenerateInDDL>true</columnDependencyConstraintGenerateInDDL>
</FKIndexAssociation>
