<?xml version = '1.0' encoding = 'UTF-8'?>
<FKIndexAssociation class="oracle.dbtools.crest.model.design.relational.FKIndexAssociation" directorySegmentName="seg_0" id="DB08C58D-BB6D-24DE-86EC-7288237EBE7A" containerWithKeyObject="4C3FB8B1-4EA3-F50D-00A1-480AAFDA98DD" localFKIndex="B52F98CE-79D0-0EBB-2838-C941AA230832" name="VISIT_VISIT_FK">
<createdBy>xlii0227</createdBy>
<createdTime>2021-04-27 17:46:36 UTC</createdTime>
<generatorID>DCDE1ED2-91CA-38A7-CC0F-16186A3AE56C</generatorID>
<ownerDesignName>ad_oraclemodel</ownerDesignName>
<referredTableLongName>VISIT</referredTableLongName>
<deleteRule>NO ACTION</deleteRule>
<referredTableID>4C3FB8B1-4EA3-F50D-00A1-480AAFDA98DD</referredTableID>
<keyObject>530EEACB-280F-5107-5A72-A9D35727CD68</keyObject>
<referredKeyID>530EEACB-280F-5107-5A72-A9D35727CD68</referredKeyID>
<mandatory>false</mandatory>
<refColNames>visit_date_time,PET_pet_id</refColNames>
<transferable>true</transferable>
<rely>false</rely>
<columnDependencyConstraintGenerateInDDL>true</columnDependencyConstraintGenerateInDDL>
</FKIndexAssociation>
