<?xml version = '1.0' encoding = 'UTF-8'?>
<FKIndexAssociation class="oracle.dbtools.crest.model.design.relational.FKIndexAssociation" directorySegmentName="seg_0" id="DE869D3E-5E89-1774-532B-B616E0082258" containerWithKeyObject="8C00906B-0E9F-A86C-096D-44D5FABC3B3E" localFKIndex="DE87AD18-AB15-F2CA-2DAF-991451DF1810" name="PET_OWNERSHIP_FK">
<createdBy>xlii0227</createdBy>
<createdTime>2021-04-27 17:46:36 UTC</createdTime>
<generatorID>2EFDB710-818F-A59B-F4E3-E5D700AD6A24</generatorID>
<ownerDesignName>ad_oraclemodel</ownerDesignName>
<referredTableLongName>OWNERSHIP</referredTableLongName>
<deleteRule>NO ACTION</deleteRule>
<referredTableID>39BCDE37-EB8B-F37D-BE62-5A6A6AA8FA78</referredTableID>
<keyObject>999DEBAE-8EEF-4DAE-63BF-99364D12A17F</keyObject>
<referredKeyID>999DEBAE-8EEF-4DAE-63BF-99364D12A17F</referredKeyID>
<mandatory>true</mandatory>
<refColNames>owner_id</refColNames>
<transferable>true</transferable>
<rely>false</rely>
<columnDependencyConstraintGenerateInDDL>true</columnDependencyConstraintGenerateInDDL>
</FKIndexAssociation>
