<?xml version = '1.0' encoding = 'UTF-8'?>
<relationalModel class="oracle.dbtools.crest.model.design.relational.RelationalDesign" name="Relational_1" id="4620A113-9834-00B7-EF17-0F59E2AE699B" mainViewID="21929ED7-9CF6-3D83-7495-34C9FEA4BC9D">
<createdBy>xlii0227</createdBy>
<createdTime>2021-04-27 07:52:58 UTC</createdTime>
<ownerDesignName>ad_oraclemodel</ownerDesignName>
<shouldBeOpen>false</shouldBeOpen>
<selectedRDBMSSite>3FD120B5-9F4E-6278-D5E2-746D192C8319</selectedRDBMSSite>
</relationalModel>