<?xml version = '1.0' encoding = 'UTF-8'?>
<Entity class="oracle.dbtools.crest.model.design.logical.Entity" directorySegmentName="seg_0" id="02EACBF1-548A-4F84-A2EA-9274DD2E63E9" name="DRUG_USED">
<createdBy>xlii0227</createdBy>
<createdTime>2021-04-27 11:49:59 UTC</createdTime>
<ownerDesignName>ad_oraclemodel</ownerDesignName>
<engineerTo>
<item key="4620A113-9834-00B7-EF17-0F59E2AE699B" value="true"/>
</engineerTo>
<adequatelyNormalized>NO</adequatelyNormalized>
<expectedVolumes>0</expectedVolumes>
<fwdEngineeringStrategyName>Single Table</fwdEngineeringStrategyName>
<growthPercent>0</growthPercent>
<growthType>Year</growthType>
<maxVolumes>9999999</maxVolumes>
<minVolumes>0</minVolumes>
<normalForm>Third</normalForm>
<attributes itemClass="oracle.dbtools.crest.model.design.logical.Attribute">
<Attribute name="drug_id" id="189FA649-424E-8DA4-0AC7-EB7E4CD5AD52">
<createdBy>xlii0227</createdBy>
<createdTime>2021-04-27 11:51:44 UTC</createdTime>
<commentInRDBMS><![CDATA[drug id]]></commentInRDBMS>
<generatorID>43ED0104-4AFA-37DC-CFB1-B07401A4524C</generatorID>
<ownerDesignName>ad_oraclemodel</ownerDesignName>
<engineerTo>
<item key="4620A113-9834-00B7-EF17-0F59E2AE699B" value="true"/>
</engineerTo>
<referedAttribute>D01E2D04-D5E9-A130-DD50-2E5E7F1E4218</referedAttribute>
<useDomainConstraints>false</useDomainConstraints>
<use>1</use>
<logicalDatatype>LOGDT019</logicalDatatype>
<dataTypePrecision>3</dataTypePrecision>
<ownDataTypeParameters>,,</ownDataTypeParameters>
</Attribute>
<Attribute name="visit_date_time" id="3C419593-12B5-8612-1683-09DC89989450">
<createdBy>xlii0227</createdBy>
<createdTime>2021-04-27 13:17:36 UTC</createdTime>
<commentInRDBMS><![CDATA[visit date time]]></commentInRDBMS>
<generatorID>3242B6EB-752A-54A6-18B8-345597FBC3A4</generatorID>
<ownerDesignName>ad_oraclemodel</ownerDesignName>
<engineerTo>
<item key="4620A113-9834-00B7-EF17-0F59E2AE699B" value="true"/>
</engineerTo>
<referedAttribute>25FB5B3A-1FBC-DF30-A637-8BCB0FCD40B8</referedAttribute>
<useDomainConstraints>false</useDomainConstraints>
<use>1</use>
<logicalDatatype>LOGDT025</logicalDatatype>
<dataTypeSize>30</dataTypeSize>
<ownDataTypeParameters>30,,</ownDataTypeParameters>
</Attribute>
<Attribute name="pet_id" id="54CEA0D3-4BB5-13FB-C654-918797D8972C">
<createdBy>xlii0227</createdBy>
<createdTime>2021-04-27 13:17:36 UTC</createdTime>
<generatorID>3242B6EB-752A-54A6-18B8-345597FBC3A4</generatorID>
<ownerDesignName>ad_oraclemodel</ownerDesignName>
<engineerTo>
<item key="4620A113-9834-00B7-EF17-0F59E2AE699B" value="true"/>
</engineerTo>
<referedAttribute>BEC61077-F590-A6C8-AF78-A1A03305E0CE</referedAttribute>
<useDomainConstraints>false</useDomainConstraints>
<use>1</use>
<logicalDatatype>LOGDT019</logicalDatatype>
<dataTypePrecision>3</dataTypePrecision>
<ownDataTypeParameters>,3,</ownDataTypeParameters>
</Attribute>
<Attribute name="drug_does" id="F3343642-58AB-BAA5-160C-9FEB05473021">
<createdBy>xlii0227</createdBy>
<createdTime>2021-04-27 13:33:38 UTC</createdTime>
<commentInRDBMS><![CDATA[drug does]]></commentInRDBMS>
<ownerDesignName>ad_oraclemodel</ownerDesignName>
<engineerTo>
<item key="4620A113-9834-00B7-EF17-0F59E2AE699B" value="true"/>
</engineerTo>
<useDomainConstraints>false</useDomainConstraints>
<use>1</use>
<logicalDatatype>LOGDT024</logicalDatatype>
<dataTypeSize>30</dataTypeSize>
<ownDataTypeParameters>30,,</ownDataTypeParameters>
</Attribute>
<Attribute name="drug_frequency" id="1CA596E2-1854-78F1-99F9-A849101A47B7">
<createdBy>xlii0227</createdBy>
<createdTime>2021-04-27 13:34:13 UTC</createdTime>
<commentInRDBMS><![CDATA[drug frequency]]></commentInRDBMS>
<ownerDesignName>ad_oraclemodel</ownerDesignName>
<engineerTo>
<item key="4620A113-9834-00B7-EF17-0F59E2AE699B" value="true"/>
</engineerTo>
<useDomainConstraints>false</useDomainConstraints>
<use>1</use>
<logicalDatatype>LOGDT024</logicalDatatype>
<dataTypeSize>20</dataTypeSize>
<checkConstraint>
<implementationDef dbType="Oracle Database 11g" definition="drug_frequency &gt;= 0"/>
</checkConstraint>
<ownDataTypeParameters>20,,</ownDataTypeParameters>
</Attribute>
<Attribute name="drug_qty" id="690CE033-99A1-03A9-D253-507058CE504A">
<createdBy>xlii0227</createdBy>
<createdTime>2021-04-27 13:34:42 UTC</createdTime>
<commentInRDBMS><![CDATA[drug quantity]]></commentInRDBMS>
<ownerDesignName>ad_oraclemodel</ownerDesignName>
<engineerTo>
<item key="4620A113-9834-00B7-EF17-0F59E2AE699B" value="true"/>
</engineerTo>
<constraintName>qty_check</constraintName>
<useDomainConstraints>false</useDomainConstraints>
<use>1</use>
<logicalDatatype>LOGDT019</logicalDatatype>
<dataTypePrecision>3</dataTypePrecision>
<checkConstraint>
<implementationDef dbType="Oracle Database 11g" definition="drug_qty &gt;= 0"/>
</checkConstraint>
<ownDataTypeParameters>,3,</ownDataTypeParameters>
</Attribute>
<Attribute name="drug_cost" id="E14E3C39-4093-EB19-3827-69C23DD39B06">
<createdBy>xlii0227</createdBy>
<createdTime>2021-04-27 13:35:39 UTC</createdTime>
<commentInRDBMS><![CDATA[drug cost]]></commentInRDBMS>
<ownerDesignName>ad_oraclemodel</ownerDesignName>
<engineerTo>
<item key="4620A113-9834-00B7-EF17-0F59E2AE699B" value="true"/>
</engineerTo>
<constraintName>cost_check</constraintName>
<useDomainConstraints>false</useDomainConstraints>
<use>1</use>
<logicalDatatype>LOGDT019</logicalDatatype>
<dataTypePrecision>8</dataTypePrecision>
<dataTypeScale>2</dataTypeScale>
<checkConstraint>
<implementationDef dbType="Oracle Database 11g" definition="drug_cost &gt;= 0"/>
</checkConstraint>
<ownDataTypeParameters>,8,2</ownDataTypeParameters>
</Attribute>
</attributes>
<identifiers itemClass="oracle.dbtools.crest.model.design.logical.CandidateKey">
<identifier id="C9E84D0F-C6DA-8017-4EAA-68B163A25DC5" name="VISIT_DRUG PK">
<createdBy>xlii0227</createdBy>
<createdTime>2021-04-27 11:52:24 UTC</createdTime>
<ownerDesignName>ad_oraclemodel</ownerDesignName>
<engineerTo>
<item key="4620A113-9834-00B7-EF17-0F59E2AE699B" value="true"/>
</engineerTo>
<pk>true</pk>
<usedAttributes>
<attributeRef>189FA649-424E-8DA4-0AC7-EB7E4CD5AD52</attributeRef>
<attributeRef>3C419593-12B5-8612-1683-09DC89989450</attributeRef>
<attributeRef>54CEA0D3-4BB5-13FB-C654-918797D8972C</attributeRef>
</usedAttributes>
</identifier>
</identifiers>
</Entity>
