<?xml version = '1.0' encoding = 'UTF-8'?>
<Entity class="oracle.dbtools.crest.model.design.logical.Entity" directorySegmentName="seg_0" id="07B0C578-8C3A-088C-3ED8-365D8FEBC2A8" name="SERVICE_PERFORMED">
<createdBy>xlii0227</createdBy>
<createdTime>2021-04-27 13:27:30 UTC</createdTime>
<ownerDesignName>ad_oraclemodel</ownerDesignName>
<engineerTo>
<item key="4620A113-9834-00B7-EF17-0F59E2AE699B" value="true"/>
</engineerTo>
<adequatelyNormalized>NO</adequatelyNormalized>
<expectedVolumes>0</expectedVolumes>
<fwdEngineeringStrategyName>Single Table</fwdEngineeringStrategyName>
<growthPercent>0</growthPercent>
<growthType>Year</growthType>
<maxVolumes>9999999</maxVolumes>
<minVolumes>0</minVolumes>
<normalForm>Third</normalForm>
<attributes itemClass="oracle.dbtools.crest.model.design.logical.Attribute">
<Attribute name="perform_id" id="77265BD1-23F1-C5D0-035A-EEE81A40A6FF">
<createdBy>xlii0227</createdBy>
<createdTime>2021-04-27 16:43:44 UTC</createdTime>
<ownerDesignName>ad_oraclemodel</ownerDesignName>
<engineerTo>
<item key="4620A113-9834-00B7-EF17-0F59E2AE699B" value="true"/>
</engineerTo>
<useDomainConstraints>false</useDomainConstraints>
<use>1</use>
<logicalDatatype>LOGDT019</logicalDatatype>
<dataTypePrecision>6</dataTypePrecision>
<ownDataTypeParameters>,6,</ownDataTypeParameters>
</Attribute>
<Attribute name="service_code" id="0A5E07B9-14B0-ABF8-42C5-E4DF723BB92C">
<createdBy>xlii0227</createdBy>
<createdTime>2021-04-27 13:28:14 UTC</createdTime>
<commentInRDBMS><![CDATA[service code]]></commentInRDBMS>
<generatorID>9F08D9AA-BEF9-1E44-FD26-F0644D67F119</generatorID>
<ownerDesignName>ad_oraclemodel</ownerDesignName>
<engineerTo>
<item key="4620A113-9834-00B7-EF17-0F59E2AE699B" value="true"/>
</engineerTo>
<referedAttribute>BB502B85-99AE-F8E4-CCB2-EEE009C430EA</referedAttribute>
<useDomainConstraints>false</useDomainConstraints>
<use>1</use>
<logicalDatatype>LOGDT025</logicalDatatype>
<dataTypeSize>5</dataTypeSize>
<ownDataTypeParameters>,,</ownDataTypeParameters>
</Attribute>
<Attribute name="visit_date_time" id="379A7556-086C-862F-B0AE-3613F0A0F8B0">
<createdBy>xlii0227</createdBy>
<createdTime>2021-04-27 13:30:10 UTC</createdTime>
<commentInRDBMS><![CDATA[visit date time]]></commentInRDBMS>
<generatorID>94F90293-2F3E-8428-C79B-19A36C4A58C1</generatorID>
<ownerDesignName>ad_oraclemodel</ownerDesignName>
<engineerTo>
<item key="4620A113-9834-00B7-EF17-0F59E2AE699B" value="true"/>
</engineerTo>
<referedAttribute>25FB5B3A-1FBC-DF30-A637-8BCB0FCD40B8</referedAttribute>
<useDomainConstraints>false</useDomainConstraints>
<use>1</use>
<logicalDatatype>LOGDT025</logicalDatatype>
<dataTypeSize>30</dataTypeSize>
<ownDataTypeParameters>,,</ownDataTypeParameters>
</Attribute>
<Attribute name="pet_id" id="CF2EE72C-F3BA-0F9E-C62F-AF9EF7698E66">
<createdBy>xlii0227</createdBy>
<createdTime>2021-04-27 13:30:10 UTC</createdTime>
<generatorID>94F90293-2F3E-8428-C79B-19A36C4A58C1</generatorID>
<ownerDesignName>ad_oraclemodel</ownerDesignName>
<engineerTo>
<item key="4620A113-9834-00B7-EF17-0F59E2AE699B" value="true"/>
</engineerTo>
<referedAttribute>BEC61077-F590-A6C8-AF78-A1A03305E0CE</referedAttribute>
<useDomainConstraints>false</useDomainConstraints>
<use>1</use>
<logicalDatatype>LOGDT019</logicalDatatype>
<dataTypePrecision>3</dataTypePrecision>
<ownDataTypeParameters>,,</ownDataTypeParameters>
</Attribute>
<Attribute name="service_cost" id="D18CBB58-6E4C-4186-221F-DEF6610A5D2D">
<createdBy>xlii0227</createdBy>
<createdTime>2021-04-27 13:31:37 UTC</createdTime>
<commentInRDBMS><![CDATA[service cost]]></commentInRDBMS>
<ownerDesignName>ad_oraclemodel</ownerDesignName>
<engineerTo>
<item key="4620A113-9834-00B7-EF17-0F59E2AE699B" value="true"/>
</engineerTo>
<constraintName>cost_check</constraintName>
<useDomainConstraints>false</useDomainConstraints>
<use>1</use>
<logicalDatatype>LOGDT019</logicalDatatype>
<dataTypePrecision>8</dataTypePrecision>
<dataTypeScale>2</dataTypeScale>
<checkConstraint>
<implementationDef dbType="Oracle Database 11g" definition="service_cost &gt;= 0"/>
</checkConstraint>
<ownDataTypeParameters>,8,2</ownDataTypeParameters>
</Attribute>
</attributes>
<identifiers itemClass="oracle.dbtools.crest.model.design.logical.CandidateKey">
<identifier id="7BAF47B7-3486-B475-EA46-2462F1261E52" name="SERVICE_PERFORMED PK">
<createdBy>xlii0227</createdBy>
<createdTime>2021-04-27 13:29:25 UTC</createdTime>
<ownerDesignName>ad_oraclemodel</ownerDesignName>
<engineerTo>
<item key="4620A113-9834-00B7-EF17-0F59E2AE699B" value="true"/>
</engineerTo>
<pk>true</pk>
<usedAttributes>
<attributeRef>77265BD1-23F1-C5D0-035A-EEE81A40A6FF</attributeRef>
</usedAttributes>
</identifier>
<identifier id="EB40C531-C7F7-BF44-20E6-C518701C18C4" name="Key_2">
<createdBy>xlii0227</createdBy>
<createdTime>2021-04-27 16:47:07 UTC</createdTime>
<ownerDesignName>ad_oraclemodel</ownerDesignName>
<engineerTo>
<item key="4620A113-9834-00B7-EF17-0F59E2AE699B" value="true"/>
</engineerTo>
<newElementsIDs>94F90293-2F3E-8428-C79B-19A36C4A58C1,9F08D9AA-BEF9-1E44-FD26-F0644D67F119</newElementsIDs>
<usedAttributes>
<attributeRef>379A7556-086C-862F-B0AE-3613F0A0F8B0</attributeRef>
<attributeRef>CF2EE72C-F3BA-0F9E-C62F-AF9EF7698E66</attributeRef>
<attributeRef>0A5E07B9-14B0-ABF8-42C5-E4DF723BB92C</attributeRef>
</usedAttributes>
</identifier>
</identifiers>
</Entity>
