<?xml version = '1.0' encoding = 'UTF-8'?>
<Entity class="oracle.dbtools.crest.model.design.logical.Entity" directorySegmentName="seg_0" id="1277F9DC-4611-46FF-9BB7-1D056E994885" name="PET">
<createdBy>xlii0227</createdBy>
<createdTime>2021-04-27 12:36:43 UTC</createdTime>
<ownerDesignName>ad_oraclemodel</ownerDesignName>
<engineerTo>
<item key="4620A113-9834-00B7-EF17-0F59E2AE699B" value="true"/>
</engineerTo>
<adequatelyNormalized>NO</adequatelyNormalized>
<expectedVolumes>0</expectedVolumes>
<fwdEngineeringStrategyName>Single Table</fwdEngineeringStrategyName>
<growthPercent>0</growthPercent>
<growthType>Year</growthType>
<maxVolumes>9999999</maxVolumes>
<minVolumes>0</minVolumes>
<normalForm>Third</normalForm>
<attributes itemClass="oracle.dbtools.crest.model.design.logical.Attribute">
<Attribute name="pet_id" id="25B945B2-C7EA-D630-F00C-5EE695E3D5F5">
<createdBy>xlii0227</createdBy>
<createdTime>2021-04-27 12:36:51 UTC</createdTime>
<ownerDesignName>ad_oraclemodel</ownerDesignName>
<engineerTo>
<item key="4620A113-9834-00B7-EF17-0F59E2AE699B" value="true"/>
</engineerTo>
<useDomainConstraints>false</useDomainConstraints>
<use>1</use>
<logicalDatatype>LOGDT019</logicalDatatype>
<dataTypePrecision>3</dataTypePrecision>
<ownDataTypeParameters>,3,</ownDataTypeParameters>
</Attribute>
<Attribute name="pet_name" id="EBFC9707-7B3B-1621-8AC1-EBB655D47A03">
<createdBy>xlii0227</createdBy>
<createdTime>2021-04-27 12:42:53 UTC</createdTime>
<commentInRDBMS><![CDATA[pet name]]></commentInRDBMS>
<ownerDesignName>ad_oraclemodel</ownerDesignName>
<engineerTo>
<item key="4620A113-9834-00B7-EF17-0F59E2AE699B" value="true"/>
</engineerTo>
<useDomainConstraints>false</useDomainConstraints>
<use>1</use>
<logicalDatatype>LOGDT024</logicalDatatype>
<dataTypeSize>20</dataTypeSize>
<ownDataTypeParameters>20,,</ownDataTypeParameters>
</Attribute>
<Attribute name="pet_dob" id="3891B96E-42C6-C790-2FB6-2B3CA39F42C1">
<createdBy>xlii0227</createdBy>
<createdTime>2021-04-27 12:43:28 UTC</createdTime>
<commentInRDBMS><![CDATA[pet birth date]]></commentInRDBMS>
<ownerDesignName>ad_oraclemodel</ownerDesignName>
<engineerTo>
<item key="4620A113-9834-00B7-EF17-0F59E2AE699B" value="true"/>
</engineerTo>
<useDomainConstraints>false</useDomainConstraints>
<use>1</use>
<logicalDatatype>LOGDT007</logicalDatatype>
<ownDataTypeParameters>,,</ownDataTypeParameters>
</Attribute>
<Attribute name="pet_gender" id="6DBFF03F-FAA9-2A35-A5ED-C19F903BCBC7">
<createdBy>xlii0227</createdBy>
<createdTime>2021-04-27 12:44:16 UTC</createdTime>
<commentInRDBMS><![CDATA[pet gender]]></commentInRDBMS>
<ownerDesignName>ad_oraclemodel</ownerDesignName>
<engineerTo>
<item key="4620A113-9834-00B7-EF17-0F59E2AE699B" value="true"/>
</engineerTo>
<useDomainConstraints>false</useDomainConstraints>
<use>1</use>
<logicalDatatype>LOGDT024</logicalDatatype>
<dataTypeSize>6</dataTypeSize>
<listOfValues>
<valueDef value="Female" description=""/>
<valueDef value="Male" description=""/>
</listOfValues>
<ownDataTypeParameters>6,,</ownDataTypeParameters>
</Attribute>
<Attribute name="pet_deceased" id="9EABFEF9-5A66-DA9C-785E-6ED0ACA388DD">
<createdBy>xlii0227</createdBy>
<createdTime>2021-04-27 12:45:16 UTC</createdTime>
<commentInRDBMS><![CDATA[if the petdeceased]]></commentInRDBMS>
<ownerDesignName>ad_oraclemodel</ownerDesignName>
<engineerTo>
<item key="4620A113-9834-00B7-EF17-0F59E2AE699B" value="true"/>
</engineerTo>
<nullsAllowed>true</nullsAllowed>
<useDomainConstraints>false</useDomainConstraints>
<use>1</use>
<logicalDatatype>LOGDT025</logicalDatatype>
<dataTypeSize>1</dataTypeSize>
<listOfValues>
<valueDef value="N" description=""/>
<valueDef value="Y" description=""/>
</listOfValues>
<ownDataTypeParameters>1,,</ownDataTypeParameters>
</Attribute>
<Attribute name="pet_tyep" id="359D7FA5-B325-F68B-71AC-34B9E4380863">
<createdBy>xlii0227</createdBy>
<createdTime>2021-04-27 12:46:56 UTC</createdTime>
<generatorID>9A5BFFB7-5D53-0AB8-7548-126DFB94F91F</generatorID>
<ownerDesignName>ad_oraclemodel</ownerDesignName>
<engineerTo>
<item key="4620A113-9834-00B7-EF17-0F59E2AE699B" value="true"/>
</engineerTo>
<referedAttribute>450F15C5-14F1-79E9-D4BF-0BC9E33E68D9</referedAttribute>
<useDomainConstraints>false</useDomainConstraints>
<use>1</use>
<logicalDatatype>LOGDT024</logicalDatatype>
<dataTypeSize>20</dataTypeSize>
<ownDataTypeParameters>,,</ownDataTypeParameters>
</Attribute>
<Attribute name="owner_id" id="C7AA2D46-51E6-1E74-3860-51211E229D5F">
<createdBy>xlii0227</createdBy>
<createdTime>2021-04-27 13:02:40 UTC</createdTime>
<commentInRDBMS><![CDATA[owner id]]></commentInRDBMS>
<generatorID>2EFDB710-818F-A59B-F4E3-E5D700AD6A24</generatorID>
<ownerDesignName>ad_oraclemodel</ownerDesignName>
<engineerTo>
<item key="4620A113-9834-00B7-EF17-0F59E2AE699B" value="true"/>
</engineerTo>
<referedAttribute>39C604E1-18DD-6F5C-7514-012BB38535C3</referedAttribute>
<useDomainConstraints>false</useDomainConstraints>
<use>1</use>
<logicalDatatype>LOGDT019</logicalDatatype>
<dataTypePrecision>4</dataTypePrecision>
<ownDataTypeParameters>,4,</ownDataTypeParameters>
</Attribute>
</attributes>
<identifiers itemClass="oracle.dbtools.crest.model.design.logical.CandidateKey">
<identifier id="C4BF3233-1242-9D50-0997-1F0AE8B1A0A4" name="PET PK">
<createdBy>xlii0227</createdBy>
<createdTime>2021-04-27 12:42:48 UTC</createdTime>
<ownerDesignName>ad_oraclemodel</ownerDesignName>
<engineerTo>
<item key="4620A113-9834-00B7-EF17-0F59E2AE699B" value="true"/>
</engineerTo>
<pk>true</pk>
<usedAttributes>
<attributeRef>25B945B2-C7EA-D630-F00C-5EE695E3D5F5</attributeRef>
</usedAttributes>
</identifier>
</identifiers>
</Entity>
