<?xml version = '1.0' encoding = 'UTF-8'?>
<Entity class="oracle.dbtools.crest.model.design.logical.Entity" directorySegmentName="seg_0" id="69E64739-0495-BA79-80AC-C2DED116BC8E" name="VISIT">
<createdBy>xlii0227</createdBy>
<createdTime>2021-04-27 11:53:19 UTC</createdTime>
<ownerDesignName>ad_oraclemodel</ownerDesignName>
<engineerTo>
<item key="4620A113-9834-00B7-EF17-0F59E2AE699B" value="true"/>
</engineerTo>
<adequatelyNormalized>NO</adequatelyNormalized>
<expectedVolumes>0</expectedVolumes>
<fwdEngineeringStrategyName>Single Table</fwdEngineeringStrategyName>
<growthPercent>0</growthPercent>
<growthType>Year</growthType>
<maxVolumes>9999999</maxVolumes>
<minVolumes>0</minVolumes>
<normalForm>Third</normalForm>
<attributes itemClass="oracle.dbtools.crest.model.design.logical.Attribute">
<Attribute name="visit_date_time" id="25FB5B3A-1FBC-DF30-A637-8BCB0FCD40B8">
<createdBy>xlii0227</createdBy>
<createdTime>2021-04-27 11:53:30 UTC</createdTime>
<commentInRDBMS><![CDATA[visit date time]]></commentInRDBMS>
<ownerDesignName>ad_oraclemodel</ownerDesignName>
<engineerTo>
<item key="4620A113-9834-00B7-EF17-0F59E2AE699B" value="true"/>
</engineerTo>
<useDomainConstraints>false</useDomainConstraints>
<use>1</use>
<logicalDatatype>LOGDT025</logicalDatatype>
<dataTypeSize>30</dataTypeSize>
<ownDataTypeParameters>30,,</ownDataTypeParameters>
</Attribute>
<Attribute name="pet_id" id="BEC61077-F590-A6C8-AF78-A1A03305E0CE">
<createdBy>xlii0227</createdBy>
<createdTime>2021-04-27 13:11:49 UTC</createdTime>
<generatorID>FD1A2F54-8139-E3E9-EE3C-598C7B4D6732</generatorID>
<ownerDesignName>ad_oraclemodel</ownerDesignName>
<engineerTo>
<item key="4620A113-9834-00B7-EF17-0F59E2AE699B" value="true"/>
</engineerTo>
<referedAttribute>25B945B2-C7EA-D630-F00C-5EE695E3D5F5</referedAttribute>
<useDomainConstraints>false</useDomainConstraints>
<use>1</use>
<logicalDatatype>LOGDT019</logicalDatatype>
<dataTypePrecision>3</dataTypePrecision>
<ownDataTypeParameters>,,</ownDataTypeParameters>
</Attribute>
<Attribute name="visit_length" id="F1E6C5FD-ADC4-885D-9A1F-0F7CCDA3769B">
<createdBy>xlii0227</createdBy>
<createdTime>2021-04-27 13:13:41 UTC</createdTime>
<commentInRDBMS><![CDATA[visit length]]></commentInRDBMS>
<ownerDesignName>ad_oraclemodel</ownerDesignName>
<engineerTo>
<item key="4620A113-9834-00B7-EF17-0F59E2AE699B" value="true"/>
</engineerTo>
<constraintName>length_check</constraintName>
<useDomainConstraints>false</useDomainConstraints>
<use>1</use>
<logicalDatatype>LOGDT019</logicalDatatype>
<dataTypePrecision>3</dataTypePrecision>
<checkConstraint>
<implementationDef dbType="Oracle Database 11g" definition="visit_length &gt;= 0"/>
</checkConstraint>
<ownDataTypeParameters>,3,</ownDataTypeParameters>
</Attribute>
<Attribute name="visit_notes" id="7EA7AFD5-296F-7A0B-B3BD-3ED4E2200153">
<createdBy>xlii0227</createdBy>
<createdTime>2021-04-27 13:15:11 UTC</createdTime>
<commentInRDBMS><![CDATA[visit notes]]></commentInRDBMS>
<ownerDesignName>ad_oraclemodel</ownerDesignName>
<engineerTo>
<item key="4620A113-9834-00B7-EF17-0F59E2AE699B" value="true"/>
</engineerTo>
<useDomainConstraints>false</useDomainConstraints>
<use>1</use>
<logicalDatatype>LOGDT024</logicalDatatype>
<dataTypeSize>100</dataTypeSize>
<ownDataTypeParameters>100,,</ownDataTypeParameters>
</Attribute>
<Attribute name="total_amount" id="6A640C95-B2E8-3439-EFC8-3E1957B60BE0">
<createdBy>xlii0227</createdBy>
<createdTime>2021-04-27 13:15:38 UTC</createdTime>
<commentInRDBMS><![CDATA[visit total cost]]></commentInRDBMS>
<ownerDesignName>ad_oraclemodel</ownerDesignName>
<engineerTo>
<item key="4620A113-9834-00B7-EF17-0F59E2AE699B" value="true"/>
</engineerTo>
<constraintName>total_check</constraintName>
<useDomainConstraints>false</useDomainConstraints>
<use>1</use>
<logicalDatatype>LOGDT019</logicalDatatype>
<dataTypePrecision>8</dataTypePrecision>
<dataTypeScale>2</dataTypeScale>
<checkConstraint>
<implementationDef dbType="Oracle Database 11g" definition="total_amount &gt;= 0"/>
</checkConstraint>
<ownDataTypeParameters>,8,2</ownDataTypeParameters>
</Attribute>
<Attribute name="paid_by" id="E3E13BE5-BECA-162F-9FD7-776BFE54BB86">
<createdBy>xlii0227</createdBy>
<createdTime>2021-04-27 13:16:17 UTC</createdTime>
<commentInRDBMS><![CDATA[paid by]]></commentInRDBMS>
<ownerDesignName>ad_oraclemodel</ownerDesignName>
<engineerTo>
<item key="4620A113-9834-00B7-EF17-0F59E2AE699B" value="true"/>
</engineerTo>
<useDomainConstraints>false</useDomainConstraints>
<use>1</use>
<logicalDatatype>LOGDT024</logicalDatatype>
<dataTypeSize>20</dataTypeSize>
<listOfValues>
<valueDef value="CASH" description="paidby_CASH"/>
<valueDef value="EFT" description="paidby_EFT"/>
</listOfValues>
<ownDataTypeParameters>20,,</ownDataTypeParameters>
</Attribute>
<Attribute name="clinic_id" id="BB912847-4D22-8ACB-B47C-6A20BAC3CDD5">
<createdBy>xlii0227</createdBy>
<createdTime>2021-04-27 13:43:44 UTC</createdTime>
<commentInRDBMS><![CDATA[clinic id]]></commentInRDBMS>
<generatorID>BE64C158-11BA-F917-2D0C-DE8B43EC4DDE</generatorID>
<ownerDesignName>ad_oraclemodel</ownerDesignName>
<engineerTo>
<item key="4620A113-9834-00B7-EF17-0F59E2AE699B" value="true"/>
</engineerTo>
<referedAttribute>3EBC74CE-9376-5186-6D4D-4D7075B2EA75</referedAttribute>
<useDomainConstraints>false</useDomainConstraints>
<use>1</use>
<logicalDatatype>LOGDT019</logicalDatatype>
<dataTypePrecision>5</dataTypePrecision>
<ownDataTypeParameters>,5,</ownDataTypeParameters>
</Attribute>
<Attribute name="vet_id" id="4195C85D-9A74-B8DE-0C5D-4B343C3A4C64">
<createdBy>xlii0227</createdBy>
<createdTime>2021-04-27 13:45:48 UTC</createdTime>
<commentInRDBMS><![CDATA[vet_id]]></commentInRDBMS>
<generatorID>EA95EE38-249A-4BA3-CE15-D1C26075D95D</generatorID>
<ownerDesignName>ad_oraclemodel</ownerDesignName>
<engineerTo>
<item key="4620A113-9834-00B7-EF17-0F59E2AE699B" value="true"/>
</engineerTo>
<referedAttribute>1EDDFB92-1038-9AA0-5779-EFD5616C3141</referedAttribute>
<useDomainConstraints>false</useDomainConstraints>
<use>1</use>
<logicalDatatype>LOGDT019</logicalDatatype>
<dataTypePrecision>4</dataTypePrecision>
<ownDataTypeParameters>,4,</ownDataTypeParameters>
</Attribute>
<Attribute name="next_visit_time" id="ADC11BD8-220C-8F9E-C4C5-A42019B21A41">
<createdBy>xlii0227</createdBy>
<createdTime>2021-04-27 15:39:52 UTC</createdTime>
<commentInRDBMS><![CDATA[visit date time]]></commentInRDBMS>
<generatorID>DCDE1ED2-91CA-38A7-CC0F-16186A3AE56C</generatorID>
<ownerDesignName>ad_oraclemodel</ownerDesignName>
<engineerTo>
<item key="4620A113-9834-00B7-EF17-0F59E2AE699B" value="true"/>
</engineerTo>
<nullsAllowed>true</nullsAllowed>
<referedAttribute>25FB5B3A-1FBC-DF30-A637-8BCB0FCD40B8</referedAttribute>
<useDomainConstraints>false</useDomainConstraints>
<use>1</use>
<logicalDatatype>LOGDT025</logicalDatatype>
<dataTypeSize>30</dataTypeSize>
<ownDataTypeParameters>,,</ownDataTypeParameters>
</Attribute>
<Attribute name="next_pet_id" id="102D195D-1413-3277-B750-41DE41649F6D">
<createdBy>xlii0227</createdBy>
<createdTime>2021-04-27 15:39:52 UTC</createdTime>
<generatorID>DCDE1ED2-91CA-38A7-CC0F-16186A3AE56C</generatorID>
<ownerDesignName>ad_oraclemodel</ownerDesignName>
<engineerTo>
<item key="4620A113-9834-00B7-EF17-0F59E2AE699B" value="true"/>
</engineerTo>
<nullsAllowed>true</nullsAllowed>
<referedAttribute>BEC61077-F590-A6C8-AF78-A1A03305E0CE</referedAttribute>
<useDomainConstraints>false</useDomainConstraints>
<use>1</use>
<logicalDatatype>LOGDT019</logicalDatatype>
<dataTypePrecision>3</dataTypePrecision>
<ownDataTypeParameters>,,</ownDataTypeParameters>
</Attribute>
</attributes>
<identifiers itemClass="oracle.dbtools.crest.model.design.logical.CandidateKey">
<identifier id="9DE04575-DB14-B3AE-23D0-F188474CCFE6" name="VISIT PK">
<createdBy>xlii0227</createdBy>
<createdTime>2021-04-27 11:54:34 UTC</createdTime>
<ownerDesignName>ad_oraclemodel</ownerDesignName>
<engineerTo>
<item key="4620A113-9834-00B7-EF17-0F59E2AE699B" value="true"/>
</engineerTo>
<pk>true</pk>
<usedAttributes>
<attributeRef>25FB5B3A-1FBC-DF30-A637-8BCB0FCD40B8</attributeRef>
<attributeRef>BEC61077-F590-A6C8-AF78-A1A03305E0CE</attributeRef>
</usedAttributes>
</identifier>
</identifiers>
</Entity>
