<?xml version = '1.0' encoding = 'UTF-8'?>
<Entity class="oracle.dbtools.crest.model.design.logical.Entity" directorySegmentName="seg_0" id="820DF2EC-9713-E866-CCAD-69672C74186B" name="VISIT_CLINIC">
<createdBy>xlii0227</createdBy>
<createdTime>2021-04-27 09:02:55 UTC</createdTime>
<ownerDesignName>ad_oraclemodel</ownerDesignName>
<engineerTo>
<item key="4620A113-9834-00B7-EF17-0F59E2AE699B" value="true"/>
</engineerTo>
<adequatelyNormalized>NO</adequatelyNormalized>
<expectedVolumes>0</expectedVolumes>
<fwdEngineeringStrategyName>Single Table</fwdEngineeringStrategyName>
<growthPercent>0</growthPercent>
<growthType>Year</growthType>
<maxVolumes>9999999</maxVolumes>
<minVolumes>0</minVolumes>
<normalForm>Third</normalForm>
<attributes itemClass="oracle.dbtools.crest.model.design.logical.Attribute">
<Attribute name="clinic_id" id="4472BDBE-B42D-0298-DE4C-B74E0855BFC5">
<createdBy>xlii0227</createdBy>
<createdTime>2021-04-27 09:05:10 UTC</createdTime>
<commentInRDBMS><![CDATA[clinic id]]></commentInRDBMS>
<generatorID>40513EDF-66FD-1E3C-653E-73469E0C753F</generatorID>
<ownerDesignName>ad_oraclemodel</ownerDesignName>
<engineerTo>
<item key="4620A113-9834-00B7-EF17-0F59E2AE699B" value="true"/>
</engineerTo>
<referedAttribute>3EBC74CE-9376-5186-6D4D-4D7075B2EA75</referedAttribute>
<useDomainConstraints>false</useDomainConstraints>
<use>1</use>
<logicalDatatype>LOGDT019</logicalDatatype>
<dataTypePrecision>0</dataTypePrecision>
<dataTypeScale>6</dataTypeScale>
<ownDataTypeParameters>,,</ownDataTypeParameters>
</Attribute>
<Attribute name="vet_id" id="D7C4ECBB-CD10-2900-A735-B66B58F81097">
<createdBy>xlii0227</createdBy>
<createdTime>2021-04-27 09:13:18 UTC</createdTime>
<commentInRDBMS><![CDATA[vet_id]]></commentInRDBMS>
<generatorID>231E3CF8-9C59-7A1C-3DF2-F892A035B9D5</generatorID>
<ownerDesignName>ad_oraclemodel</ownerDesignName>
<engineerTo>
<item key="4620A113-9834-00B7-EF17-0F59E2AE699B" value="true"/>
</engineerTo>
<referedAttribute>1EDDFB92-1038-9AA0-5779-EFD5616C3141</referedAttribute>
<useDomainConstraints>false</useDomainConstraints>
<use>1</use>
<logicalDatatype>LOGDT019</logicalDatatype>
<dataTypePrecision>0</dataTypePrecision>
<dataTypeScale>4</dataTypeScale>
<ownDataTypeParameters>,,</ownDataTypeParameters>
</Attribute>
</attributes>
<identifiers itemClass="oracle.dbtools.crest.model.design.logical.CandidateKey">
<identifier id="9E858ACB-0F43-5AD6-A7E9-1C584DB3D013" name="VISIT_CLINIC PK">
<createdBy>xlii0227</createdBy>
<createdTime>2021-04-27 09:09:42 UTC</createdTime>
<ownerDesignName>ad_oraclemodel</ownerDesignName>
<engineerTo>
<item key="4620A113-9834-00B7-EF17-0F59E2AE699B" value="true"/>
</engineerTo>
<pk>true</pk>
<usedAttributes>
<attributeRef>4472BDBE-B42D-0298-DE4C-B74E0855BFC5</attributeRef>
<attributeRef>D7C4ECBB-CD10-2900-A735-B66B58F81097</attributeRef>
</usedAttributes>
</identifier>
</identifiers>
</Entity>