<?xml version = '1.0' encoding = 'UTF-8'?>
<Entity class="oracle.dbtools.crest.model.design.logical.Entity" directorySegmentName="seg_0" id="F7913CC4-19C9-8B38-D0E4-B30A10FDD8C3" name="OWNERSHIP">
<createdBy>xlii0227</createdBy>
<createdTime>2021-04-27 12:10:06 UTC</createdTime>
<ownerDesignName>ad_oraclemodel</ownerDesignName>
<engineerTo>
<item key="4620A113-9834-00B7-EF17-0F59E2AE699B" value="true"/>
</engineerTo>
<adequatelyNormalized>NO</adequatelyNormalized>
<expectedVolumes>0</expectedVolumes>
<fwdEngineeringStrategyName>Single Table</fwdEngineeringStrategyName>
<growthPercent>0</growthPercent>
<growthType>Year</growthType>
<maxVolumes>9999999</maxVolumes>
<minVolumes>0</minVolumes>
<normalForm>Third</normalForm>
<attributes itemClass="oracle.dbtools.crest.model.design.logical.Attribute">
<Attribute name="owner_id" id="39C604E1-18DD-6F5C-7514-012BB38535C3">
<createdBy>xlii0227</createdBy>
<createdTime>2021-04-27 12:10:23 UTC</createdTime>
<commentInRDBMS><![CDATA[owner id]]></commentInRDBMS>
<ownerDesignName>ad_oraclemodel</ownerDesignName>
<engineerTo>
<item key="4620A113-9834-00B7-EF17-0F59E2AE699B" value="true"/>
</engineerTo>
<useDomainConstraints>false</useDomainConstraints>
<use>1</use>
<logicalDatatype>LOGDT019</logicalDatatype>
<dataTypePrecision>4</dataTypePrecision>
<ownDataTypeParameters>,4,</ownDataTypeParameters>
</Attribute>
<Attribute name="owner_gname" id="C389552C-35AA-0F84-4085-8A40E597DAA8">
<createdBy>xlii0227</createdBy>
<createdTime>2021-04-27 12:16:07 UTC</createdTime>
<commentInRDBMS><![CDATA[owner given name]]></commentInRDBMS>
<ownerDesignName>ad_oraclemodel</ownerDesignName>
<engineerTo>
<item key="4620A113-9834-00B7-EF17-0F59E2AE699B" value="true"/>
</engineerTo>
<useDomainConstraints>false</useDomainConstraints>
<use>1</use>
<logicalDatatype>LOGDT024</logicalDatatype>
<dataTypeSize>20</dataTypeSize>
<ownDataTypeParameters>20,,</ownDataTypeParameters>
</Attribute>
<Attribute name="owner_fname" id="534FA20F-CAE8-7FB1-6D4D-49A8B411954E">
<createdBy>xlii0227</createdBy>
<createdTime>2021-04-27 12:19:38 UTC</createdTime>
<commentInRDBMS><![CDATA[owner family name]]></commentInRDBMS>
<ownerDesignName>ad_oraclemodel</ownerDesignName>
<engineerTo>
<item key="4620A113-9834-00B7-EF17-0F59E2AE699B" value="true"/>
</engineerTo>
<useDomainConstraints>false</useDomainConstraints>
<use>1</use>
<logicalDatatype>LOGDT024</logicalDatatype>
<dataTypeSize>20</dataTypeSize>
<ownDataTypeParameters>20,,</ownDataTypeParameters>
</Attribute>
<Attribute name="owner_phone" id="9194189B-A70E-E61E-7A9B-F4E4D3AD3215">
<createdBy>xlii0227</createdBy>
<createdTime>2021-04-27 12:20:25 UTC</createdTime>
<commentInRDBMS><![CDATA[owner contect phone number]]></commentInRDBMS>
<ownerDesignName>ad_oraclemodel</ownerDesignName>
<engineerTo>
<item key="4620A113-9834-00B7-EF17-0F59E2AE699B" value="true"/>
</engineerTo>
<useDomainConstraints>false</useDomainConstraints>
<use>1</use>
<logicalDatatype>LOGDT025</logicalDatatype>
<dataTypeSize>9</dataTypeSize>
<ownDataTypeParameters>9,,</ownDataTypeParameters>
</Attribute>
<Attribute name="owner_street" id="D611483B-412A-08A3-6F5C-9940141759AA">
<createdBy>xlii0227</createdBy>
<createdTime>2021-04-27 12:21:18 UTC</createdTime>
<commentInRDBMS><![CDATA[owner street]]></commentInRDBMS>
<ownerDesignName>ad_oraclemodel</ownerDesignName>
<engineerTo>
<item key="4620A113-9834-00B7-EF17-0F59E2AE699B" value="true"/>
</engineerTo>
<useDomainConstraints>false</useDomainConstraints>
<use>1</use>
<logicalDatatype>LOGDT024</logicalDatatype>
<dataTypeSize>50</dataTypeSize>
<ownDataTypeParameters>50,,</ownDataTypeParameters>
</Attribute>
<Attribute name="owner_town" id="FDF92D6A-400C-8C94-EE57-6787635CF35A">
<createdBy>xlii0227</createdBy>
<createdTime>2021-04-27 12:22:08 UTC</createdTime>
<commentInRDBMS><![CDATA[owner town]]></commentInRDBMS>
<ownerDesignName>ad_oraclemodel</ownerDesignName>
<engineerTo>
<item key="4620A113-9834-00B7-EF17-0F59E2AE699B" value="true"/>
</engineerTo>
<useDomainConstraints>false</useDomainConstraints>
<use>1</use>
<logicalDatatype>LOGDT024</logicalDatatype>
<dataTypeSize>50</dataTypeSize>
<ownDataTypeParameters>50,,</ownDataTypeParameters>
</Attribute>
<Attribute name="owner_postcode" id="6A63B630-7FD9-48BA-9CE7-A11AE53CB4FA">
<createdBy>xlii0227</createdBy>
<createdTime>2021-04-27 12:22:34 UTC</createdTime>
<ownerDesignName>ad_oraclemodel</ownerDesignName>
<engineerTo>
<item key="4620A113-9834-00B7-EF17-0F59E2AE699B" value="true"/>
</engineerTo>
<useDomainConstraints>false</useDomainConstraints>
<use>1</use>
<logicalDatatype>LOGDT019</logicalDatatype>
<dataTypePrecision>4</dataTypePrecision>
<ownDataTypeParameters>,4,</ownDataTypeParameters>
</Attribute>
<Attribute name="pre_vet_id" id="6464E085-F4F9-DEA1-B560-58F8BA418739">
<createdBy>xlii0227</createdBy>
<createdTime>2021-04-27 13:22:52 UTC</createdTime>
<commentInRDBMS><![CDATA[vet_id]]></commentInRDBMS>
<generatorID>CD2CDA5A-5C1E-A559-6014-5C950AEAB6F4</generatorID>
<ownerDesignName>ad_oraclemodel</ownerDesignName>
<engineerTo>
<item key="4620A113-9834-00B7-EF17-0F59E2AE699B" value="true"/>
</engineerTo>
<nullsAllowed>true</nullsAllowed>
<referedAttribute>1EDDFB92-1038-9AA0-5779-EFD5616C3141</referedAttribute>
<useDomainConstraints>false</useDomainConstraints>
<use>1</use>
<logicalDatatype>LOGDT019</logicalDatatype>
<dataTypePrecision>4</dataTypePrecision>
<ownDataTypeParameters>,,</ownDataTypeParameters>
</Attribute>
</attributes>
<identifiers itemClass="oracle.dbtools.crest.model.design.logical.CandidateKey">
<identifier id="C8E85202-8AF8-2EA5-3BDD-FFEEA214060B" name="OWNERSHIP PK">
<createdBy>xlii0227</createdBy>
<createdTime>2021-04-27 13:01:11 UTC</createdTime>
<ownerDesignName>ad_oraclemodel</ownerDesignName>
<engineerTo>
<item key="4620A113-9834-00B7-EF17-0F59E2AE699B" value="true"/>
</engineerTo>
<pk>true</pk>
<usedAttributes>
<attributeRef>39C604E1-18DD-6F5C-7514-012BB38535C3</attributeRef>
</usedAttributes>
</identifier>
</identifiers>
</Entity>
