<?xml version = '1.0' encoding = 'UTF-8'?>
<Table class="oracle.dbtools.crest.model.design.relational.Table" directorySegmentName="seg_0" id="1C8E388F-6E80-56B6-94F0-1412EF046EB5" name="SERVICE_PERFORMED">
<createdBy>xlii0227</createdBy>
<createdTime>2021-04-27 17:46:36 UTC</createdTime>
<generatorID>07B0C578-8C3A-088C-3ED8-365D8FEBC2A8</generatorID>
<ownerDesignName>ad_oraclemodel</ownerDesignName>
<allowColumnReorder>false</allowColumnReorder>
<existDependencyGenerateInDDl>true</existDependencyGenerateInDDl>
<parsed>true</parsed>
<columns itemClass="oracle.dbtools.crest.model.design.relational.Column">
<Column name="perform_id" id="9C29BC20-618F-AB9F-838A-006A82A4AF77">
<createdBy>xlii0227</createdBy>
<createdTime>2021-04-27 17:46:36 UTC</createdTime>
<generatorID>77265BD1-23F1-C5D0-035A-EEE81A40A6FF</generatorID>
<ownerDesignName>ad_oraclemodel</ownerDesignName>
<useDomainConstraints>false</useDomainConstraints>
<use>1</use>
<logicalDatatype>LOGDT019</logicalDatatype>
<dataTypePrecision>6</dataTypePrecision>
<ownDataTypeParameters>,6,</ownDataTypeParameters>
<autoIncrementCycle>false</autoIncrementCycle>
</Column>
<Column name="SERVICE_service_code" id="AEF2702E-C8BD-EC38-D945-F2FD54B702BF">
<createdBy>xlii0227</createdBy>
<createdTime>2021-04-27 17:46:36 UTC</createdTime>
<commentInRDBMS><![CDATA[service code]]></commentInRDBMS>
<generatorID>0A5E07B9-14B0-ABF8-42C5-E4DF723BB92C</generatorID>
<ownerDesignName>ad_oraclemodel</ownerDesignName>
<useDomainConstraints>false</useDomainConstraints>
<use>1</use>
<logicalDatatype>LOGDT025</logicalDatatype>
<dataTypeSize>5</dataTypeSize>
<ownDataTypeParameters>,,</ownDataTypeParameters>
<previousColumn>false</previousColumn>
<autoIncrementCycle>false</autoIncrementCycle>
<associations>
<colAssociation fkAssociation="36B6F8AD-6867-46E3-D064-83EAE2518E9D" referredColumn="01AC15B7-CEE6-B8BF-978E-7181B8E16530"/>
</associations>
</Column>
<Column name="VISIT_visit_date_time" id="381B2133-9DBE-AD62-8AA0-77CC258BBE03">
<createdBy>xlii0227</createdBy>
<createdTime>2021-04-27 17:46:36 UTC</createdTime>
<commentInRDBMS><![CDATA[visit date time]]></commentInRDBMS>
<generatorID>379A7556-086C-862F-B0AE-3613F0A0F8B0</generatorID>
<ownerDesignName>ad_oraclemodel</ownerDesignName>
<useDomainConstraints>false</useDomainConstraints>
<use>1</use>
<logicalDatatype>LOGDT025</logicalDatatype>
<dataTypeSize>30</dataTypeSize>
<ownDataTypeParameters>,,</ownDataTypeParameters>
<previousColumn>false</previousColumn>
<autoIncrementCycle>false</autoIncrementCycle>
<associations>
<colAssociation fkAssociation="6F635D3C-4B66-36E6-80E7-2D51B7CF710B" referredColumn="9A2A73A6-D6D9-E2F2-9747-E47CA182D6EC"/>
</associations>
</Column>
<Column name="VISIT_PET_pet_id" id="618FB0CD-CF29-1640-5CD1-235F524271E8">
<createdBy>xlii0227</createdBy>
<createdTime>2021-04-27 17:46:36 UTC</createdTime>
<generatorID>CF2EE72C-F3BA-0F9E-C62F-AF9EF7698E66</generatorID>
<ownerDesignName>ad_oraclemodel</ownerDesignName>
<useDomainConstraints>false</useDomainConstraints>
<use>1</use>
<logicalDatatype>LOGDT019</logicalDatatype>
<dataTypePrecision>3</dataTypePrecision>
<ownDataTypeParameters>,,</ownDataTypeParameters>
<previousColumn>false</previousColumn>
<autoIncrementCycle>false</autoIncrementCycle>
<associations>
<colAssociation fkAssociation="6F635D3C-4B66-36E6-80E7-2D51B7CF710B" referredColumn="43466F96-33E1-2C92-13DA-128CE19814BC"/>
</associations>
</Column>
<Column name="service_cost" id="DF652ACA-D384-2701-BE63-2FEFF7E76B3C">
<createdBy>xlii0227</createdBy>
<createdTime>2021-04-27 17:46:36 UTC</createdTime>
<commentInRDBMS><![CDATA[service cost]]></commentInRDBMS>
<generatorID>D18CBB58-6E4C-4186-221F-DEF6610A5D2D</generatorID>
<ownerDesignName>ad_oraclemodel</ownerDesignName>
<constraintName>cost_check</constraintName>
<useDomainConstraints>false</useDomainConstraints>
<use>1</use>
<logicalDatatype>LOGDT019</logicalDatatype>
<dataTypePrecision>8</dataTypePrecision>
<dataTypeScale>2</dataTypeScale>
<checkConstraint>
<implementationDef dbType="Oracle Database 11g" definition="service_cost &gt;= 0"/>
</checkConstraint>
<ownDataTypeParameters>,8,2</ownDataTypeParameters>
<autoIncrementCycle>false</autoIncrementCycle>
</Column>
</columns>
<indexes itemClass="oracle.dbtools.crest.model.design.relational.Index">
<ind_PK_UK id="F65A7152-8612-D3D4-FFDB-83B730385022" name="SERVICE_PERFORMED_PK">
<createdBy>xlii0227</createdBy>
<createdTime>2021-04-27 17:46:36 UTC</createdTime>
<generatorID>7BAF47B7-3486-B475-EA46-2462F1261E52</generatorID>
<ownerDesignName>ad_oraclemodel</ownerDesignName>
<pk>true</pk>
<indexState>Primary Constraint</indexState>
<isSurrogateKey>false</isSurrogateKey>
<indexColumnUsage>
<colUsage columnID="381B2133-9DBE-AD62-8AA0-77CC258BBE03"/>
<colUsage columnID="618FB0CD-CF29-1640-5CD1-235F524271E8"/>
<colUsage columnID="9C29BC20-618F-AB9F-838A-006A82A4AF77"/>
</indexColumnUsage>
</ind_PK_UK>
<ind_PK_UK id="5FA98666-D909-AB0D-5247-0CD8415E5EE4" name="SERVICE_PERFORMED_UN">
<createdBy>xlii0227</createdBy>
<createdTime>2021-04-27 17:46:36 UTC</createdTime>
<generatorID>EB40C531-C7F7-BF44-20E6-C518701C18C4</generatorID>
<ownerDesignName>ad_oraclemodel</ownerDesignName>
<indexState>Unique Constraint</indexState>
<isSurrogateKey>false</isSurrogateKey>
<indexColumnUsage>
<colUsage columnID="381B2133-9DBE-AD62-8AA0-77CC258BBE03"/>
<colUsage columnID="618FB0CD-CF29-1640-5CD1-235F524271E8"/>
<colUsage columnID="AEF2702E-C8BD-EC38-D945-F2FD54B702BF"/>
</indexColumnUsage>
</ind_PK_UK>
<ind_PK_UK id="8F73BC3B-234E-5D1A-EFDF-57C619C1EFD2" name="SERVICE_PERFORMED_SERVICE_FK">
<createdBy>xlii0227</createdBy>
<createdTime>2021-04-27 17:46:36 UTC</createdTime>
<generatorID>9F08D9AA-BEF9-1E44-FD26-F0644D67F119</generatorID>
<ownerDesignName>ad_oraclemodel</ownerDesignName>
<indexState>Foreign Key</indexState>
<isSurrogateKey>false</isSurrogateKey>
<indexColumnUsage>
<colUsage columnID="AEF2702E-C8BD-EC38-D945-F2FD54B702BF"/>
</indexColumnUsage>
</ind_PK_UK>
<ind_PK_UK id="4354AD4D-A58A-8D09-3D9F-F218F9D581BA" name="SERVICE_PERFORMED_VISIT_FK">
<createdBy>xlii0227</createdBy>
<createdTime>2021-04-27 17:46:36 UTC</createdTime>
<generatorID>94F90293-2F3E-8428-C79B-19A36C4A58C1</generatorID>
<ownerDesignName>ad_oraclemodel</ownerDesignName>
<indexState>Foreign Key</indexState>
<isSurrogateKey>false</isSurrogateKey>
<indexColumnUsage>
<colUsage columnID="381B2133-9DBE-AD62-8AA0-77CC258BBE03"/>
<colUsage columnID="618FB0CD-CF29-1640-5CD1-235F524271E8"/>
</indexColumnUsage>
</ind_PK_UK>
</indexes>
</Table>
