<?xml version = '1.0' encoding = 'UTF-8'?>
<Table class="oracle.dbtools.crest.model.design.relational.Table" directorySegmentName="seg_0" id="4C3FB8B1-4EA3-F50D-00A1-480AAFDA98DD" name="VISIT">
<createdBy>xlii0227</createdBy>
<createdTime>2021-04-27 17:46:36 UTC</createdTime>
<generatorID>69E64739-0495-BA79-80AC-C2DED116BC8E</generatorID>
<ownerDesignName>ad_oraclemodel</ownerDesignName>
<allowColumnReorder>false</allowColumnReorder>
<existDependencyGenerateInDDl>true</existDependencyGenerateInDDl>
<parsed>true</parsed>
<columns itemClass="oracle.dbtools.crest.model.design.relational.Column">
<Column name="visit_date_time" id="9A2A73A6-D6D9-E2F2-9747-E47CA182D6EC">
<createdBy>xlii0227</createdBy>
<createdTime>2021-04-27 17:46:36 UTC</createdTime>
<commentInRDBMS><![CDATA[visit date time]]></commentInRDBMS>
<generatorID>25FB5B3A-1FBC-DF30-A637-8BCB0FCD40B8</generatorID>
<ownerDesignName>ad_oraclemodel</ownerDesignName>
<useDomainConstraints>false</useDomainConstraints>
<use>1</use>
<logicalDatatype>LOGDT025</logicalDatatype>
<dataTypeSize>30</dataTypeSize>
<ownDataTypeParameters>30,,</ownDataTypeParameters>
<autoIncrementCycle>false</autoIncrementCycle>
</Column>
<Column name="PET_pet_id" id="43466F96-33E1-2C92-13DA-128CE19814BC">
<createdBy>xlii0227</createdBy>
<createdTime>2021-04-27 17:46:36 UTC</createdTime>
<generatorID>BEC61077-F590-A6C8-AF78-A1A03305E0CE</generatorID>
<ownerDesignName>ad_oraclemodel</ownerDesignName>
<useDomainConstraints>false</useDomainConstraints>
<use>1</use>
<logicalDatatype>LOGDT019</logicalDatatype>
<dataTypePrecision>3</dataTypePrecision>
<ownDataTypeParameters>,,</ownDataTypeParameters>
<previousColumn>false</previousColumn>
<autoIncrementCycle>false</autoIncrementCycle>
<associations>
<colAssociation fkAssociation="8879FC99-94CA-5330-1ABB-38E07A5FC1D0" referredColumn="750B92A0-9051-98EE-3B2B-B0F92FFEC3D5"/>
</associations>
</Column>
<Column name="visit_length" id="4CE568C4-386E-88FD-2283-9048E427D48B">
<createdBy>xlii0227</createdBy>
<createdTime>2021-04-27 17:46:36 UTC</createdTime>
<commentInRDBMS><![CDATA[visit length]]></commentInRDBMS>
<generatorID>F1E6C5FD-ADC4-885D-9A1F-0F7CCDA3769B</generatorID>
<ownerDesignName>ad_oraclemodel</ownerDesignName>
<constraintName>length_check</constraintName>
<useDomainConstraints>false</useDomainConstraints>
<use>1</use>
<logicalDatatype>LOGDT019</logicalDatatype>
<dataTypePrecision>3</dataTypePrecision>
<checkConstraint>
<implementationDef dbType="Oracle Database 11g" definition="visit_length &gt;= 0"/>
</checkConstraint>
<ownDataTypeParameters>,3,</ownDataTypeParameters>
<autoIncrementCycle>false</autoIncrementCycle>
</Column>
<Column name="visit_notes" id="D6DAA538-35AE-1787-855A-65FACD630224">
<createdBy>xlii0227</createdBy>
<createdTime>2021-04-27 17:46:36 UTC</createdTime>
<commentInRDBMS><![CDATA[visit notes]]></commentInRDBMS>
<generatorID>7EA7AFD5-296F-7A0B-B3BD-3ED4E2200153</generatorID>
<ownerDesignName>ad_oraclemodel</ownerDesignName>
<useDomainConstraints>false</useDomainConstraints>
<use>1</use>
<logicalDatatype>LOGDT024</logicalDatatype>
<dataTypeSize>100</dataTypeSize>
<ownDataTypeParameters>100,,</ownDataTypeParameters>
<autoIncrementCycle>false</autoIncrementCycle>
</Column>
<Column name="total_amount" id="6717C785-76B0-4277-88FD-02269CE92D8F">
<createdBy>xlii0227</createdBy>
<createdTime>2021-04-27 17:46:36 UTC</createdTime>
<commentInRDBMS><![CDATA[visit total cost]]></commentInRDBMS>
<generatorID>6A640C95-B2E8-3439-EFC8-3E1957B60BE0</generatorID>
<ownerDesignName>ad_oraclemodel</ownerDesignName>
<constraintName>total_check</constraintName>
<useDomainConstraints>false</useDomainConstraints>
<use>1</use>
<logicalDatatype>LOGDT019</logicalDatatype>
<dataTypePrecision>8</dataTypePrecision>
<dataTypeScale>2</dataTypeScale>
<checkConstraint>
<implementationDef dbType="Oracle Database 11g" definition="total_amount &gt;= 0"/>
</checkConstraint>
<ownDataTypeParameters>,8,2</ownDataTypeParameters>
<autoIncrementCycle>false</autoIncrementCycle>
</Column>
<Column name="paid_by" id="2B2B8016-0AC2-0A8D-222C-5F768A1D05A6">
<createdBy>xlii0227</createdBy>
<createdTime>2021-04-27 17:46:36 UTC</createdTime>
<commentInRDBMS><![CDATA[paid by]]></commentInRDBMS>
<generatorID>E3E13BE5-BECA-162F-9FD7-776BFE54BB86</generatorID>
<ownerDesignName>ad_oraclemodel</ownerDesignName>
<useDomainConstraints>false</useDomainConstraints>
<use>1</use>
<logicalDatatype>LOGDT024</logicalDatatype>
<dataTypeSize>20</dataTypeSize>
<listOfValues>
<valueDef value="CASH" description="paidby_CASH"/>
<valueDef value="EFT" description="paidby_EFT"/>
</listOfValues>
<ownDataTypeParameters>20,,</ownDataTypeParameters>
<autoIncrementCycle>false</autoIncrementCycle>
</Column>
<Column name="CLINIC_clinic_id" id="65568D18-D64A-7B8C-4E8D-47D154C0D428">
<createdBy>xlii0227</createdBy>
<createdTime>2021-04-27 17:46:36 UTC</createdTime>
<commentInRDBMS><![CDATA[clinic id]]></commentInRDBMS>
<generatorID>BB912847-4D22-8ACB-B47C-6A20BAC3CDD5</generatorID>
<ownerDesignName>ad_oraclemodel</ownerDesignName>
<useDomainConstraints>false</useDomainConstraints>
<use>1</use>
<logicalDatatype>LOGDT019</logicalDatatype>
<dataTypePrecision>5</dataTypePrecision>
<ownDataTypeParameters>,,</ownDataTypeParameters>
<previousColumn>false</previousColumn>
<autoIncrementCycle>false</autoIncrementCycle>
<associations>
<colAssociation fkAssociation="13C227FB-08CB-7748-6324-2FEBDCE62366" referredColumn="0A026516-B0E6-A43E-D658-AD214485F36C"/>
</associations>
</Column>
<Column name="VET_vet_id" id="E93B619B-07A3-9764-0640-05B5147FE01A">
<createdBy>xlii0227</createdBy>
<createdTime>2021-04-27 17:46:36 UTC</createdTime>
<commentInRDBMS><![CDATA[vet_id]]></commentInRDBMS>
<generatorID>4195C85D-9A74-B8DE-0C5D-4B343C3A4C64</generatorID>
<ownerDesignName>ad_oraclemodel</ownerDesignName>
<useDomainConstraints>false</useDomainConstraints>
<use>1</use>
<logicalDatatype>LOGDT019</logicalDatatype>
<dataTypePrecision>4</dataTypePrecision>
<ownDataTypeParameters>,,</ownDataTypeParameters>
<previousColumn>false</previousColumn>
<autoIncrementCycle>false</autoIncrementCycle>
<associations>
<colAssociation fkAssociation="20835936-6C96-5F62-AF4A-B70B909EF618" referredColumn="F5E1C95C-63C9-F4C5-4FF0-913910D3B563"/>
</associations>
</Column>
<Column name="VISIT_visit_date_time" id="1FEE486B-68DC-EC88-A693-5FD40DBFBCF3">
<createdBy>xlii0227</createdBy>
<createdTime>2021-04-27 17:46:36 UTC</createdTime>
<commentInRDBMS><![CDATA[visit date time]]></commentInRDBMS>
<generatorID>ADC11BD8-220C-8F9E-C4C5-A42019B21A41</generatorID>
<ownerDesignName>ad_oraclemodel</ownerDesignName>
<nullsAllowed>true</nullsAllowed>
<useDomainConstraints>false</useDomainConstraints>
<use>1</use>
<logicalDatatype>LOGDT025</logicalDatatype>
<dataTypeSize>30</dataTypeSize>
<ownDataTypeParameters>,,</ownDataTypeParameters>
<previousColumn>false</previousColumn>
<autoIncrementCycle>false</autoIncrementCycle>
<associations>
<colAssociation fkAssociation="DB08C58D-BB6D-24DE-86EC-7288237EBE7A" referredColumn="9A2A73A6-D6D9-E2F2-9747-E47CA182D6EC"/>
</associations>
</Column>
<Column name="VISIT_PET_pet_id" id="AD0233B7-DC82-34AA-A8EE-E31E263612A9">
<createdBy>xlii0227</createdBy>
<createdTime>2021-04-27 17:46:36 UTC</createdTime>
<generatorID>102D195D-1413-3277-B750-41DE41649F6D</generatorID>
<ownerDesignName>ad_oraclemodel</ownerDesignName>
<nullsAllowed>true</nullsAllowed>
<useDomainConstraints>false</useDomainConstraints>
<use>1</use>
<logicalDatatype>LOGDT019</logicalDatatype>
<dataTypePrecision>3</dataTypePrecision>
<ownDataTypeParameters>,,</ownDataTypeParameters>
<previousColumn>false</previousColumn>
<autoIncrementCycle>false</autoIncrementCycle>
<associations>
<colAssociation fkAssociation="DB08C58D-BB6D-24DE-86EC-7288237EBE7A" referredColumn="43466F96-33E1-2C92-13DA-128CE19814BC"/>
</associations>
</Column>
<Column name="PET_PET_TYPE_tyep_name" id="F2FFD77A-E63A-70EC-CB84-0C9D93BFC213">
<createdBy>xlii0227</createdBy>
<createdTime>2021-04-27 17:54:33 UTC</createdTime>
<ownerDesignName>ad_oraclemodel</ownerDesignName>
<useDomainConstraints>false</useDomainConstraints>
<use>1</use>
<logicalDatatype>LOGDT024</logicalDatatype>
<dataTypeSize>20</dataTypeSize>
<ownDataTypeParameters>,,</ownDataTypeParameters>
<previousColumn>false</previousColumn>
<autoIncrementCycle>false</autoIncrementCycle>
<associations>
<colAssociation fkAssociation="8879FC99-94CA-5330-1ABB-38E07A5FC1D0" referredColumn="773691AC-E47C-1C61-281B-3094A3EA61F7"/>
</associations>
</Column>
</columns>
<indexes itemClass="oracle.dbtools.crest.model.design.relational.Index">
<ind_PK_UK id="530EEACB-280F-5107-5A72-A9D35727CD68" name="VISIT_PK">
<createdBy>xlii0227</createdBy>
<createdTime>2021-04-27 17:46:36 UTC</createdTime>
<generatorID>9DE04575-DB14-B3AE-23D0-F188474CCFE6</generatorID>
<ownerDesignName>ad_oraclemodel</ownerDesignName>
<pk>true</pk>
<indexState>Primary Constraint</indexState>
<isSurrogateKey>false</isSurrogateKey>
<indexColumnUsage>
<colUsage columnID="9A2A73A6-D6D9-E2F2-9747-E47CA182D6EC"/>
<colUsage columnID="43466F96-33E1-2C92-13DA-128CE19814BC"/>
</indexColumnUsage>
</ind_PK_UK>
<ind_PK_UK id="F5FCB29C-4B0B-2E38-4EF4-1EA6CC537631" name="VISIT_CLINIC_FK">
<createdBy>xlii0227</createdBy>
<createdTime>2021-04-27 17:46:36 UTC</createdTime>
<generatorID>BE64C158-11BA-F917-2D0C-DE8B43EC4DDE</generatorID>
<ownerDesignName>ad_oraclemodel</ownerDesignName>
<indexState>Foreign Key</indexState>
<isSurrogateKey>false</isSurrogateKey>
<indexColumnUsage>
<colUsage columnID="65568D18-D64A-7B8C-4E8D-47D154C0D428"/>
</indexColumnUsage>
</ind_PK_UK>
<ind_PK_UK id="E968B802-DC96-DD17-4E2A-831FCCCE138A" name="VISIT_PET_FK">
<createdBy>xlii0227</createdBy>
<createdTime>2021-04-27 17:46:36 UTC</createdTime>
<generatorID>FD1A2F54-8139-E3E9-EE3C-598C7B4D6732</generatorID>
<ownerDesignName>ad_oraclemodel</ownerDesignName>
<indexState>Foreign Key</indexState>
<isSurrogateKey>false</isSurrogateKey>
<indexColumnUsage>
<colUsage columnID="43466F96-33E1-2C92-13DA-128CE19814BC"/>
<colUsage columnID="F2FFD77A-E63A-70EC-CB84-0C9D93BFC213"/>
</indexColumnUsage>
</ind_PK_UK>
<ind_PK_UK id="906ED503-EE1D-DE46-1EE3-C050EAFD5106" name="VISIT_VET_FK">
<createdBy>xlii0227</createdBy>
<createdTime>2021-04-27 17:46:36 UTC</createdTime>
<generatorID>EA95EE38-249A-4BA3-CE15-D1C26075D95D</generatorID>
<ownerDesignName>ad_oraclemodel</ownerDesignName>
<indexState>Foreign Key</indexState>
<isSurrogateKey>false</isSurrogateKey>
<indexColumnUsage>
<colUsage columnID="E93B619B-07A3-9764-0640-05B5147FE01A"/>
</indexColumnUsage>
</ind_PK_UK>
<ind_PK_UK id="B52F98CE-79D0-0EBB-2838-C941AA230832" name="VISIT_VISIT_FK">
<createdBy>xlii0227</createdBy>
<createdTime>2021-04-27 17:46:36 UTC</createdTime>
<generatorID>DCDE1ED2-91CA-38A7-CC0F-16186A3AE56C</generatorID>
<ownerDesignName>ad_oraclemodel</ownerDesignName>
<indexState>Foreign Key</indexState>
<isSurrogateKey>false</isSurrogateKey>
<indexColumnUsage>
<colUsage columnID="1FEE486B-68DC-EC88-A693-5FD40DBFBCF3"/>
<colUsage columnID="AD0233B7-DC82-34AA-A8EE-E31E263612A9"/>
</indexColumnUsage>
</ind_PK_UK>
</indexes>
</Table>
