<?xml version = '1.0' encoding = 'UTF-8'?>
<Table class="oracle.dbtools.crest.model.design.relational.Table" directorySegmentName="seg_0" id="5AF25E93-5F13-DEF2-4F53-6573C779E629" name="CLINIC">
<createdBy>xlii0227</createdBy>
<createdTime>2021-04-27 17:46:36 UTC</createdTime>
<generatorID>6C16B036-4AD7-E96F-1D6B-DA74CD2C8EB9</generatorID>
<ownerDesignName>ad_oraclemodel</ownerDesignName>
<allowColumnReorder>false</allowColumnReorder>
<existDependencyGenerateInDDl>true</existDependencyGenerateInDDl>
<parsed>true</parsed>
<columns itemClass="oracle.dbtools.crest.model.design.relational.Column">
<Column name="clinic_id" id="0A026516-B0E6-A43E-D658-AD214485F36C">
<createdBy>xlii0227</createdBy>
<createdTime>2021-04-27 17:46:36 UTC</createdTime>
<commentInRDBMS><![CDATA[clinic id]]></commentInRDBMS>
<generatorID>3EBC74CE-9376-5186-6D4D-4D7075B2EA75</generatorID>
<ownerDesignName>ad_oraclemodel</ownerDesignName>
<useDomainConstraints>false</useDomainConstraints>
<use>1</use>
<logicalDatatype>LOGDT019</logicalDatatype>
<dataTypePrecision>5</dataTypePrecision>
<ownDataTypeParameters>,5,</ownDataTypeParameters>
<autoIncrementCycle>false</autoIncrementCycle>
</Column>
<Column name="clinic_name" id="D3A0C54B-6AE6-376F-D1FB-9F0FA5A10ECD">
<createdBy>xlii0227</createdBy>
<createdTime>2021-04-27 17:46:36 UTC</createdTime>
<commentInRDBMS><![CDATA[clinic name]]></commentInRDBMS>
<generatorID>140E6C74-B705-63F6-8D45-EB227496E461</generatorID>
<ownerDesignName>ad_oraclemodel</ownerDesignName>
<useDomainConstraints>false</useDomainConstraints>
<use>1</use>
<logicalDatatype>LOGDT024</logicalDatatype>
<dataTypeSize>50</dataTypeSize>
<ownDataTypeParameters>50,,</ownDataTypeParameters>
<autoIncrementCycle>false</autoIncrementCycle>
</Column>
<Column name="clinic_address" id="BBB259A1-D27F-B6FE-64C2-5BECF437E448">
<createdBy>xlii0227</createdBy>
<createdTime>2021-04-27 17:46:36 UTC</createdTime>
<commentInRDBMS><![CDATA[clinic address]]></commentInRDBMS>
<generatorID>433BA4ED-8520-3026-848F-E53BFCD8F474</generatorID>
<ownerDesignName>ad_oraclemodel</ownerDesignName>
<useDomainConstraints>false</useDomainConstraints>
<use>1</use>
<logicalDatatype>LOGDT024</logicalDatatype>
<dataTypeSize>50</dataTypeSize>
<ownDataTypeParameters>50,,</ownDataTypeParameters>
<autoIncrementCycle>false</autoIncrementCycle>
</Column>
<Column name="clinic_phone" id="29D90623-CAE3-7572-B391-A4C920805F17">
<createdBy>xlii0227</createdBy>
<createdTime>2021-04-27 17:46:36 UTC</createdTime>
<generatorID>F8674E77-EDFC-BBD7-B3DC-64641B7B9AD9</generatorID>
<ownerDesignName>ad_oraclemodel</ownerDesignName>
<useDomainConstraints>false</useDomainConstraints>
<use>1</use>
<logicalDatatype>LOGDT025</logicalDatatype>
<dataTypeSize>9</dataTypeSize>
<ownDataTypeParameters>9,,</ownDataTypeParameters>
<autoIncrementCycle>false</autoIncrementCycle>
</Column>
</columns>
<indexes itemClass="oracle.dbtools.crest.model.design.relational.Index">
<ind_PK_UK id="FB7B8C67-A509-C3B9-13C2-1038103896C0" name="CLINIC_PK">
<createdBy>xlii0227</createdBy>
<createdTime>2021-04-27 17:46:36 UTC</createdTime>
<generatorID>5A3037FE-F170-C763-68D3-0AF13033F7D5</generatorID>
<ownerDesignName>ad_oraclemodel</ownerDesignName>
<pk>true</pk>
<indexState>Primary Constraint</indexState>
<isSurrogateKey>false</isSurrogateKey>
<indexColumnUsage>
<colUsage columnID="0A026516-B0E6-A43E-D658-AD214485F36C"/>
</indexColumnUsage>
</ind_PK_UK>
</indexes>
</Table>
