<?xml version = '1.0' encoding = 'UTF-8'?>
<Table class="oracle.dbtools.crest.model.design.relational.Table" directorySegmentName="seg_0" id="73FC8234-19F0-D02A-58ED-302486F722DA" name="VISIT_CLINIC">
<createdBy>xlii0227</createdBy>
<createdTime>2021-04-27 17:46:36 UTC</createdTime>
<generatorID>820DF2EC-9713-E866-CCAD-69672C74186B</generatorID>
<ownerDesignName>ad_oraclemodel</ownerDesignName>
<allowColumnReorder>false</allowColumnReorder>
<existDependencyGenerateInDDl>true</existDependencyGenerateInDDl>
<parsed>true</parsed>
<columns itemClass="oracle.dbtools.crest.model.design.relational.Column">
<Column name="CLINIC_clinic_id" id="86D56D11-EA61-FC8A-64FA-AA51F2E4EF0A">
<createdBy>xlii0227</createdBy>
<createdTime>2021-04-27 17:46:36 UTC</createdTime>
<commentInRDBMS><![CDATA[clinic id]]></commentInRDBMS>
<generatorID>4472BDBE-B42D-0298-DE4C-B74E0855BFC5</generatorID>
<ownerDesignName>ad_oraclemodel</ownerDesignName>
<useDomainConstraints>false</useDomainConstraints>
<use>1</use>
<logicalDatatype>LOGDT019</logicalDatatype>
<dataTypePrecision>0</dataTypePrecision>
<dataTypeScale>6</dataTypeScale>
<ownDataTypeParameters>,0,6</ownDataTypeParameters>
<previousColumn>false</previousColumn>
<autoIncrementCycle>false</autoIncrementCycle>
<associations>
<colAssociation fkAssociation="A3E8FDD6-0855-659C-CC4A-C7AA7AFB9694" referredColumn="0A026516-B0E6-A43E-D658-AD214485F36C"/>
</associations>
</Column>
<Column name="VET_vet_id" id="C6D75B09-FDBA-20A3-6AF6-3C37FA341F69">
<createdBy>xlii0227</createdBy>
<createdTime>2021-04-27 17:46:36 UTC</createdTime>
<commentInRDBMS><![CDATA[vet_id]]></commentInRDBMS>
<generatorID>D7C4ECBB-CD10-2900-A735-B66B58F81097</generatorID>
<ownerDesignName>ad_oraclemodel</ownerDesignName>
<useDomainConstraints>false</useDomainConstraints>
<use>1</use>
<logicalDatatype>LOGDT019</logicalDatatype>
<dataTypePrecision>0</dataTypePrecision>
<dataTypeScale>4</dataTypeScale>
<ownDataTypeParameters>,0,4</ownDataTypeParameters>
<previousColumn>false</previousColumn>
<autoIncrementCycle>false</autoIncrementCycle>
<associations>
<colAssociation fkAssociation="64216578-9075-C25C-9449-6B0D9649E93D" referredColumn="F5E1C95C-63C9-F4C5-4FF0-913910D3B563"/>
</associations>
</Column>
</columns>
<indexes itemClass="oracle.dbtools.crest.model.design.relational.Index">
<ind_PK_UK id="FA535791-5D44-8BE5-C43D-A8724DD00BD2" name="VISIT_CLINIC_PK">
<createdBy>xlii0227</createdBy>
<createdTime>2021-04-27 17:46:36 UTC</createdTime>
<generatorID>9E858ACB-0F43-5AD6-A7E9-1C584DB3D013</generatorID>
<ownerDesignName>ad_oraclemodel</ownerDesignName>
<pk>true</pk>
<indexState>Primary Constraint</indexState>
<isSurrogateKey>false</isSurrogateKey>
<indexColumnUsage>
<colUsage columnID="86D56D11-EA61-FC8A-64FA-AA51F2E4EF0A"/>
<colUsage columnID="C6D75B09-FDBA-20A3-6AF6-3C37FA341F69"/>
</indexColumnUsage>
</ind_PK_UK>
<ind_PK_UK id="150007E3-5CFE-25FC-9663-62A60A2CAE38" name="VISIT_CLINIC_VET_FK">
<createdBy>xlii0227</createdBy>
<createdTime>2021-04-27 17:46:36 UTC</createdTime>
<generatorID>231E3CF8-9C59-7A1C-3DF2-F892A035B9D5</generatorID>
<ownerDesignName>ad_oraclemodel</ownerDesignName>
<indexState>Foreign Key</indexState>
<isSurrogateKey>false</isSurrogateKey>
<indexColumnUsage>
<colUsage columnID="C6D75B09-FDBA-20A3-6AF6-3C37FA341F69"/>
</indexColumnUsage>
</ind_PK_UK>
<ind_PK_UK id="2E76D1AD-F9F1-2BAE-EB21-D187B88E97E5" name="VISIT_CLINIC_CLINIC_FK">
<createdBy>xlii0227</createdBy>
<createdTime>2021-04-27 17:46:36 UTC</createdTime>
<generatorID>40513EDF-66FD-1E3C-653E-73469E0C753F</generatorID>
<ownerDesignName>ad_oraclemodel</ownerDesignName>
<indexState>Foreign Key</indexState>
<isSurrogateKey>false</isSurrogateKey>
<indexColumnUsage>
<colUsage columnID="86D56D11-EA61-FC8A-64FA-AA51F2E4EF0A"/>
</indexColumnUsage>
</ind_PK_UK>
</indexes>
</Table>
