<?xml version = '1.0' encoding = 'UTF-8'?>
<Table class="oracle.dbtools.crest.model.design.relational.Table" directorySegmentName="seg_0" id="8C00906B-0E9F-A86C-096D-44D5FABC3B3E" name="PET">
<createdBy>xlii0227</createdBy>
<createdTime>2021-04-27 17:46:36 UTC</createdTime>
<generatorID>1277F9DC-4611-46FF-9BB7-1D056E994885</generatorID>
<ownerDesignName>ad_oraclemodel</ownerDesignName>
<allowColumnReorder>false</allowColumnReorder>
<existDependencyGenerateInDDl>true</existDependencyGenerateInDDl>
<parsed>true</parsed>
<columns itemClass="oracle.dbtools.crest.model.design.relational.Column">
<Column name="pet_id" id="750B92A0-9051-98EE-3B2B-B0F92FFEC3D5">
<createdBy>xlii0227</createdBy>
<createdTime>2021-04-27 17:46:36 UTC</createdTime>
<generatorID>25B945B2-C7EA-D630-F00C-5EE695E3D5F5</generatorID>
<ownerDesignName>ad_oraclemodel</ownerDesignName>
<useDomainConstraints>false</useDomainConstraints>
<use>1</use>
<logicalDatatype>LOGDT019</logicalDatatype>
<dataTypePrecision>3</dataTypePrecision>
<ownDataTypeParameters>,3,</ownDataTypeParameters>
<autoIncrementCycle>false</autoIncrementCycle>
</Column>
<Column name="pet_name" id="A85751A5-203A-121C-65AA-DDC0324C40F8">
<createdBy>xlii0227</createdBy>
<createdTime>2021-04-27 17:46:36 UTC</createdTime>
<commentInRDBMS><![CDATA[pet name]]></commentInRDBMS>
<generatorID>EBFC9707-7B3B-1621-8AC1-EBB655D47A03</generatorID>
<ownerDesignName>ad_oraclemodel</ownerDesignName>
<useDomainConstraints>false</useDomainConstraints>
<use>1</use>
<logicalDatatype>LOGDT024</logicalDatatype>
<dataTypeSize>20</dataTypeSize>
<ownDataTypeParameters>20,,</ownDataTypeParameters>
<autoIncrementCycle>false</autoIncrementCycle>
</Column>
<Column name="pet_dob" id="5C37E83E-1ECF-3C55-28DB-563374A42701">
<createdBy>xlii0227</createdBy>
<createdTime>2021-04-27 17:46:36 UTC</createdTime>
<commentInRDBMS><![CDATA[pet birth date]]></commentInRDBMS>
<generatorID>3891B96E-42C6-C790-2FB6-2B3CA39F42C1</generatorID>
<ownerDesignName>ad_oraclemodel</ownerDesignName>
<useDomainConstraints>false</useDomainConstraints>
<use>1</use>
<logicalDatatype>LOGDT007</logicalDatatype>
<ownDataTypeParameters>,,</ownDataTypeParameters>
<autoIncrementCycle>false</autoIncrementCycle>
</Column>
<Column name="pet_gender" id="E6780A80-50BF-44CD-A0D0-E9479D565FD0">
<createdBy>xlii0227</createdBy>
<createdTime>2021-04-27 17:46:36 UTC</createdTime>
<commentInRDBMS><![CDATA[pet gender]]></commentInRDBMS>
<generatorID>6DBFF03F-FAA9-2A35-A5ED-C19F903BCBC7</generatorID>
<ownerDesignName>ad_oraclemodel</ownerDesignName>
<useDomainConstraints>false</useDomainConstraints>
<use>1</use>
<logicalDatatype>LOGDT024</logicalDatatype>
<dataTypeSize>6</dataTypeSize>
<listOfValues>
<valueDef value="Female" description=""/>
<valueDef value="Male" description=""/>
</listOfValues>
<ownDataTypeParameters>6,,</ownDataTypeParameters>
<autoIncrementCycle>false</autoIncrementCycle>
</Column>
<Column name="pet_deceased" id="0883A1EB-F21F-7569-EB20-4F46FA697372">
<createdBy>xlii0227</createdBy>
<createdTime>2021-04-27 17:46:36 UTC</createdTime>
<commentInRDBMS><![CDATA[if the petdeceased]]></commentInRDBMS>
<generatorID>9EABFEF9-5A66-DA9C-785E-6ED0ACA388DD</generatorID>
<ownerDesignName>ad_oraclemodel</ownerDesignName>
<nullsAllowed>true</nullsAllowed>
<useDomainConstraints>false</useDomainConstraints>
<use>1</use>
<logicalDatatype>LOGDT025</logicalDatatype>
<dataTypeSize>1</dataTypeSize>
<listOfValues>
<valueDef value="N" description=""/>
<valueDef value="Y" description=""/>
</listOfValues>
<ownDataTypeParameters>1,,</ownDataTypeParameters>
<autoIncrementCycle>false</autoIncrementCycle>
</Column>
<Column name="PET_TYPE_tyep_name" id="773691AC-E47C-1C61-281B-3094A3EA61F7">
<createdBy>xlii0227</createdBy>
<createdTime>2021-04-27 17:46:36 UTC</createdTime>
<generatorID>359D7FA5-B325-F68B-71AC-34B9E4380863</generatorID>
<ownerDesignName>ad_oraclemodel</ownerDesignName>
<useDomainConstraints>false</useDomainConstraints>
<use>1</use>
<logicalDatatype>LOGDT024</logicalDatatype>
<dataTypeSize>20</dataTypeSize>
<ownDataTypeParameters>,,</ownDataTypeParameters>
<previousColumn>false</previousColumn>
<autoIncrementCycle>false</autoIncrementCycle>
<associations>
<colAssociation fkAssociation="BE8236D5-B572-1659-CB15-016860F15338" referredColumn="81895C27-69C2-DC7B-8DC6-9CB64C713D5D"/>
</associations>
</Column>
<Column name="OWNERSHIP_owner_id" id="1935AD30-DDF2-E4D5-E19A-3558FD5CD92D">
<createdBy>xlii0227</createdBy>
<createdTime>2021-04-27 17:46:36 UTC</createdTime>
<commentInRDBMS><![CDATA[owner id]]></commentInRDBMS>
<generatorID>C7AA2D46-51E6-1E74-3860-51211E229D5F</generatorID>
<ownerDesignName>ad_oraclemodel</ownerDesignName>
<useDomainConstraints>false</useDomainConstraints>
<use>1</use>
<logicalDatatype>LOGDT019</logicalDatatype>
<dataTypePrecision>4</dataTypePrecision>
<ownDataTypeParameters>,,</ownDataTypeParameters>
<previousColumn>false</previousColumn>
<autoIncrementCycle>false</autoIncrementCycle>
<associations>
<colAssociation fkAssociation="DE869D3E-5E89-1774-532B-B616E0082258" referredColumn="EC48FE79-048F-39EA-0DF3-09D2741AB451"/>
</associations>
</Column>
</columns>
<indexes itemClass="oracle.dbtools.crest.model.design.relational.Index">
<ind_PK_UK id="425C566B-B093-5B04-0CF5-EF0803BF6118" name="PET_PK">
<createdBy>xlii0227</createdBy>
<createdTime>2021-04-27 17:46:36 UTC</createdTime>
<generatorID>C4BF3233-1242-9D50-0997-1F0AE8B1A0A4</generatorID>
<ownerDesignName>ad_oraclemodel</ownerDesignName>
<pk>true</pk>
<indexState>Primary Constraint</indexState>
<isSurrogateKey>false</isSurrogateKey>
<indexColumnUsage>
<colUsage columnID="750B92A0-9051-98EE-3B2B-B0F92FFEC3D5"/>
<colUsage columnID="773691AC-E47C-1C61-281B-3094A3EA61F7"/>
</indexColumnUsage>
</ind_PK_UK>
<ind_PK_UK id="DE87AD18-AB15-F2CA-2DAF-991451DF1810" name="PET_OWNERSHIP_FK">
<createdBy>xlii0227</createdBy>
<createdTime>2021-04-27 17:46:36 UTC</createdTime>
<generatorID>2EFDB710-818F-A59B-F4E3-E5D700AD6A24</generatorID>
<ownerDesignName>ad_oraclemodel</ownerDesignName>
<indexState>Foreign Key</indexState>
<isSurrogateKey>false</isSurrogateKey>
<indexColumnUsage>
<colUsage columnID="1935AD30-DDF2-E4D5-E19A-3558FD5CD92D"/>
</indexColumnUsage>
</ind_PK_UK>
<ind_PK_UK id="FC70C819-3C85-12AE-E299-9D4E44943489" name="PET_PET_TYPE_FK">
<createdBy>xlii0227</createdBy>
<createdTime>2021-04-27 17:46:36 UTC</createdTime>
<generatorID>9A5BFFB7-5D53-0AB8-7548-126DFB94F91F</generatorID>
<ownerDesignName>ad_oraclemodel</ownerDesignName>
<indexState>Foreign Key</indexState>
<isSurrogateKey>false</isSurrogateKey>
<indexColumnUsage>
<colUsage columnID="773691AC-E47C-1C61-281B-3094A3EA61F7"/>
</indexColumnUsage>
</ind_PK_UK>
</indexes>
</Table>
