<?xml version = '1.0' encoding = 'UTF-8'?>
<Table class="oracle.dbtools.crest.model.design.relational.Table" directorySegmentName="seg_0" id="D218EB8B-0821-57E8-C961-E0E171C0DA0F" name="SPECILIST">
<createdBy>xlii0227</createdBy>
<createdTime>2021-04-27 17:46:36 UTC</createdTime>
<generatorID>75C3EB35-5D1C-2171-7B76-A80780875E41</generatorID>
<ownerDesignName>ad_oraclemodel</ownerDesignName>
<allowColumnReorder>false</allowColumnReorder>
<existDependencyGenerateInDDl>true</existDependencyGenerateInDDl>
<parsed>true</parsed>
<columns itemClass="oracle.dbtools.crest.model.design.relational.Column">
<Column name="spec_name" id="73D03F6A-2775-24D7-5F1A-E0A8084B0976">
<createdBy>xlii0227</createdBy>
<createdTime>2021-04-27 17:46:36 UTC</createdTime>
<generatorID>E9DCA63E-753D-23BC-5656-C88CE4D91B70</generatorID>
<ownerDesignName>ad_oraclemodel</ownerDesignName>
<useDomainConstraints>false</useDomainConstraints>
<use>1</use>
<logicalDatatype>LOGDT024</logicalDatatype>
<dataTypeSize>50</dataTypeSize>
<ownDataTypeParameters>50,,</ownDataTypeParameters>
<autoIncrementCycle>false</autoIncrementCycle>
</Column>
</columns>
<indexes itemClass="oracle.dbtools.crest.model.design.relational.Index">
<ind_PK_UK id="F2892D8E-4D72-1691-5ABF-7FC34916CE87" name="SPECILIST_PK">
<createdBy>xlii0227</createdBy>
<createdTime>2021-04-27 17:46:36 UTC</createdTime>
<generatorID>CE378DA2-736E-3EDD-5A23-12B5A5AA378E</generatorID>
<ownerDesignName>ad_oraclemodel</ownerDesignName>
<pk>true</pk>
<indexState>Primary Constraint</indexState>
<isSurrogateKey>false</isSurrogateKey>
<indexColumnUsage>
<colUsage columnID="73D03F6A-2775-24D7-5F1A-E0A8084B0976"/>
</indexColumnUsage>
</ind_PK_UK>
</indexes>
</Table>
