<?xml version = '1.0' encoding = 'UTF-8'?>
<Table class="oracle.dbtools.crest.model.design.relational.Table" directorySegmentName="seg_0" id="D9B9708B-5FD5-4D84-841A-A66F0F5B9E0F" name="DRUG_USED">
<createdBy>xlii0227</createdBy>
<createdTime>2021-04-27 17:46:36 UTC</createdTime>
<generatorID>02EACBF1-548A-4F84-A2EA-9274DD2E63E9</generatorID>
<ownerDesignName>ad_oraclemodel</ownerDesignName>
<allowColumnReorder>false</allowColumnReorder>
<existDependencyGenerateInDDl>true</existDependencyGenerateInDDl>
<parsed>true</parsed>
<columns itemClass="oracle.dbtools.crest.model.design.relational.Column">
<Column name="DRUG_drug_id" id="6C68F292-0926-DDE2-406D-8D4ABCB42D1C">
<createdBy>xlii0227</createdBy>
<createdTime>2021-04-27 17:46:36 UTC</createdTime>
<commentInRDBMS><![CDATA[drug id]]></commentInRDBMS>
<generatorID>189FA649-424E-8DA4-0AC7-EB7E4CD5AD52</generatorID>
<ownerDesignName>ad_oraclemodel</ownerDesignName>
<useDomainConstraints>false</useDomainConstraints>
<use>1</use>
<logicalDatatype>LOGDT019</logicalDatatype>
<dataTypePrecision>3</dataTypePrecision>
<ownDataTypeParameters>,,</ownDataTypeParameters>
<previousColumn>false</previousColumn>
<autoIncrementCycle>false</autoIncrementCycle>
<associations>
<colAssociation fkAssociation="859B7018-6250-4C62-1C43-AB2E9A77456F" referredColumn="B500F938-6AA6-5DED-A400-72E4866C2B46"/>
</associations>
</Column>
<Column name="VISIT_visit_date_time" id="1ACF7AE7-A2C7-B076-C021-F6982D740A7E">
<createdBy>xlii0227</createdBy>
<createdTime>2021-04-27 17:46:36 UTC</createdTime>
<commentInRDBMS><![CDATA[visit date time]]></commentInRDBMS>
<generatorID>3C419593-12B5-8612-1683-09DC89989450</generatorID>
<ownerDesignName>ad_oraclemodel</ownerDesignName>
<useDomainConstraints>false</useDomainConstraints>
<use>1</use>
<logicalDatatype>LOGDT025</logicalDatatype>
<dataTypeSize>30</dataTypeSize>
<ownDataTypeParameters>,,</ownDataTypeParameters>
<previousColumn>false</previousColumn>
<autoIncrementCycle>false</autoIncrementCycle>
<associations>
<colAssociation fkAssociation="D2E54418-B962-304A-5760-9C544069EDFB" referredColumn="9A2A73A6-D6D9-E2F2-9747-E47CA182D6EC"/>
</associations>
</Column>
<Column name="VISIT_PET_pet_id" id="78799466-5C66-B72C-FEFA-77DE33099DCC">
<createdBy>xlii0227</createdBy>
<createdTime>2021-04-27 17:46:36 UTC</createdTime>
<generatorID>54CEA0D3-4BB5-13FB-C654-918797D8972C</generatorID>
<ownerDesignName>ad_oraclemodel</ownerDesignName>
<useDomainConstraints>false</useDomainConstraints>
<use>1</use>
<logicalDatatype>LOGDT019</logicalDatatype>
<dataTypePrecision>3</dataTypePrecision>
<ownDataTypeParameters>,,</ownDataTypeParameters>
<previousColumn>false</previousColumn>
<autoIncrementCycle>false</autoIncrementCycle>
<associations>
<colAssociation fkAssociation="D2E54418-B962-304A-5760-9C544069EDFB" referredColumn="43466F96-33E1-2C92-13DA-128CE19814BC"/>
</associations>
</Column>
<Column name="drug_does" id="AD6E82F4-DF44-EB87-D4B9-EA392DC15191">
<createdBy>xlii0227</createdBy>
<createdTime>2021-04-27 17:46:36 UTC</createdTime>
<commentInRDBMS><![CDATA[drug does]]></commentInRDBMS>
<generatorID>F3343642-58AB-BAA5-160C-9FEB05473021</generatorID>
<ownerDesignName>ad_oraclemodel</ownerDesignName>
<useDomainConstraints>false</useDomainConstraints>
<use>1</use>
<logicalDatatype>LOGDT024</logicalDatatype>
<dataTypeSize>30</dataTypeSize>
<ownDataTypeParameters>30,,</ownDataTypeParameters>
<autoIncrementCycle>false</autoIncrementCycle>
</Column>
<Column name="drug_frequency" id="849BBA82-7CEC-040E-182E-B78A318F0F21">
<createdBy>xlii0227</createdBy>
<createdTime>2021-04-27 17:46:36 UTC</createdTime>
<commentInRDBMS><![CDATA[drug frequency]]></commentInRDBMS>
<generatorID>1CA596E2-1854-78F1-99F9-A849101A47B7</generatorID>
<ownerDesignName>ad_oraclemodel</ownerDesignName>
<useDomainConstraints>false</useDomainConstraints>
<use>1</use>
<logicalDatatype>LOGDT024</logicalDatatype>
<dataTypeSize>20</dataTypeSize>
<checkConstraint>
<implementationDef dbType="Oracle Database 11g" definition="drug_frequency &gt;= 0"/>
</checkConstraint>
<ownDataTypeParameters>20,,</ownDataTypeParameters>
<autoIncrementCycle>false</autoIncrementCycle>
</Column>
<Column name="drug_qty" id="DE81A9B5-2B77-8140-A4FC-1368FEF8E756">
<createdBy>xlii0227</createdBy>
<createdTime>2021-04-27 17:46:36 UTC</createdTime>
<commentInRDBMS><![CDATA[drug quantity]]></commentInRDBMS>
<generatorID>690CE033-99A1-03A9-D253-507058CE504A</generatorID>
<ownerDesignName>ad_oraclemodel</ownerDesignName>
<constraintName>qty_check</constraintName>
<useDomainConstraints>false</useDomainConstraints>
<use>1</use>
<logicalDatatype>LOGDT019</logicalDatatype>
<dataTypePrecision>3</dataTypePrecision>
<checkConstraint>
<implementationDef dbType="Oracle Database 11g" definition="drug_qty &gt;= 0"/>
</checkConstraint>
<ownDataTypeParameters>,3,</ownDataTypeParameters>
<autoIncrementCycle>false</autoIncrementCycle>
</Column>
<Column name="drug_cost" id="F6B3C51F-68F4-7188-9182-853D90E86AF5">
<createdBy>xlii0227</createdBy>
<createdTime>2021-04-27 17:46:36 UTC</createdTime>
<commentInRDBMS><![CDATA[drug cost]]></commentInRDBMS>
<generatorID>E14E3C39-4093-EB19-3827-69C23DD39B06</generatorID>
<ownerDesignName>ad_oraclemodel</ownerDesignName>
<constraintName>cost_check</constraintName>
<useDomainConstraints>false</useDomainConstraints>
<use>1</use>
<logicalDatatype>LOGDT019</logicalDatatype>
<dataTypePrecision>8</dataTypePrecision>
<dataTypeScale>2</dataTypeScale>
<checkConstraint>
<implementationDef dbType="Oracle Database 11g" definition="drug_cost &gt;= 0"/>
</checkConstraint>
<ownDataTypeParameters>,8,2</ownDataTypeParameters>
<autoIncrementCycle>false</autoIncrementCycle>
</Column>
</columns>
<indexes itemClass="oracle.dbtools.crest.model.design.relational.Index">
<ind_PK_UK id="AB683BDE-CA08-340D-94D6-0290AD607D79" name="DRUG_USED_PK">
<createdBy>xlii0227</createdBy>
<createdTime>2021-04-27 17:46:36 UTC</createdTime>
<generatorID>C9E84D0F-C6DA-8017-4EAA-68B163A25DC5</generatorID>
<ownerDesignName>ad_oraclemodel</ownerDesignName>
<pk>true</pk>
<indexState>Primary Constraint</indexState>
<isSurrogateKey>false</isSurrogateKey>
<indexColumnUsage>
<colUsage columnID="6C68F292-0926-DDE2-406D-8D4ABCB42D1C"/>
<colUsage columnID="1ACF7AE7-A2C7-B076-C021-F6982D740A7E"/>
<colUsage columnID="78799466-5C66-B72C-FEFA-77DE33099DCC"/>
</indexColumnUsage>
</ind_PK_UK>
<ind_PK_UK id="4940C8D0-E16E-FAFD-313B-65E7EDFF6546" name="DRUG_USED_DRUG_FK">
<createdBy>xlii0227</createdBy>
<createdTime>2021-04-27 17:46:36 UTC</createdTime>
<generatorID>43ED0104-4AFA-37DC-CFB1-B07401A4524C</generatorID>
<ownerDesignName>ad_oraclemodel</ownerDesignName>
<indexState>Foreign Key</indexState>
<isSurrogateKey>false</isSurrogateKey>
<indexColumnUsage>
<colUsage columnID="6C68F292-0926-DDE2-406D-8D4ABCB42D1C"/>
</indexColumnUsage>
</ind_PK_UK>
<ind_PK_UK id="9BCC96C6-AB38-7081-3EC6-00DE2022AF49" name="DRUG_USED_VISIT_FK">
<createdBy>xlii0227</createdBy>
<createdTime>2021-04-27 17:46:36 UTC</createdTime>
<generatorID>3242B6EB-752A-54A6-18B8-345597FBC3A4</generatorID>
<ownerDesignName>ad_oraclemodel</ownerDesignName>
<indexState>Foreign Key</indexState>
<isSurrogateKey>false</isSurrogateKey>
<indexColumnUsage>
<colUsage columnID="1ACF7AE7-A2C7-B076-C021-F6982D740A7E"/>
<colUsage columnID="78799466-5C66-B72C-FEFA-77DE33099DCC"/>
</indexColumnUsage>
</ind_PK_UK>
</indexes>
</Table>
